2020-06-29 17:52:09.343,-91,1,-97,dev,59:92:E1:8D:D0:34,CBA8ABDF429DE4D1D281A20A73575E1B
2020-06-29 17:52:09.628,-91,1,-97,dev,59:92:E1:8D:D0:34,CBA8ABDF429DE4D1D281A20A73575E1B
2020-06-29 17:52:09.921,-91,1,-97,dev,59:92:E1:8D:D0:34,CBA8ABDF429DE4D1D281A20A73575E1B
2020-06-29 17:52:10.209,-91,1,-97,dev,59:92:E1:8D:D0:34,CBA8ABDF429DE4D1D281A20A73575E1B
2020-06-29 17:52:10.492,-90,1,-96,dev,59:92:E1:8D:D0:34,CBA8ABDF429DE4D1D281A20A73575E1B
2020-06-29 17:52:11.055,-90,1,-96,dev,59:92:E1:8D:D0:34,CBA8ABDF429DE4D1D281A20A73575E1B
2020-06-29 17:52:11.377,-92,1,-98,dev,59:92:E1:8D:D0:34,CBA8ABDF429DE4D1D281A20A73575E1B
2020-06-29 17:52:11.942,-91,1,-97,dev,59:92:E1:8D:D0:34,CBA8ABDF429DE4D1D281A20A73575E1B
2020-06-29 17:52:12.209,-91,1,-97,dev,59:92:E1:8D:D0:34,CBA8ABDF429DE4D1D281A20A73575E1B
2020-06-29 17:52:12.484,-91,1,-97,dev,59:92:E1:8D:D0:34,CBA8ABDF429DE4D1D281A20A73575E1B
2020-06-29 17:52:12.764,-91,1,-97,dev,59:92:E1:8D:D0:34,CBA8ABDF429DE4D1D281A20A73575E1B
2020-06-29 17:52:13.053,-91,1,-97,dev,59:92:E1:8D:D0:34,CBA8ABDF429DE4D1D281A20A73575E1B
2020-06-29 17:57:14.724,-91,1,-97,dev,59:92:E1:8D:D0:34,CBA8ABDF429DE4D1D281A20A73575E1B
2020-06-29 17:57:15.016,-90,1,-96,dev,59:92:E1:8D:D0:34,CBA8ABDF429DE4D1D281A20A73575E1B
2020-06-29 17:57:15.304,-91,1,-97,dev,59:92:E1:8D:D0:34,CBA8ABDF429DE4D1D281A20A73575E1B
2020-06-29 17:57:15.600,-91,1,-97,dev,59:92:E1:8D:D0:34,CBA8ABDF429DE4D1D281A20A73575E1B
2020-06-29 17:57:15.893,-90,1,-96,dev,59:92:E1:8D:D0:34,CBA8ABDF429DE4D1D281A20A73575E1B
2020-06-29 17:57:16.470,-90,1,-96,dev,59:92:E1:8D:D0:34,CBA8ABDF429DE4D1D281A20A73575E1B
2020-06-29 17:57:16.745,-86,1,-92,dev,59:92:E1:8D:D0:34,CBA8ABDF429DE4D1D281A20A73575E1B
2020-06-29 17:57:17.040,-91,1,-97,dev,59:92:E1:8D:D0:34,CBA8ABDF429DE4D1D281A20A73575E1B
2020-06-29 17:57:17.321,-91,1,-97,dev,59:92:E1:8D:D0:34,CBA8ABDF429DE4D1D281A20A73575E1B
2020-06-29 17:57:17.605,-91,1,-97,dev,59:92:E1:8D:D0:34,CBA8ABDF429DE4D1D281A20A73575E1B
2020-06-29 17:57:17.894,-91,1,-97,dev,59:92:E1:8D:D0:34,CBA8ABDF429DE4D1D281A20A73575E1B
2020-06-29 17:57:18.181,-91,1,-97,dev,59:92:E1:8D:D0:34,CBA8ABDF429DE4D1D281A20A73575E1B
2020-06-29 18:01:00.643,-91,1,-97,dev,43:11:01:41:1C:EB,25C4946DDD7189B224C7D957588BA6F1
2020-06-29 18:01:00.936,-91,1,-97,dev,43:11:01:41:1C:EB,25C4946DDD7189B224C7D957588BA6F1
2020-06-29 18:01:01.505,-91,1,-97,dev,43:11:01:41:1C:EB,25C4946DDD7189B224C7D957588BA6F1
2020-06-29 18:01:01.806,-91,1,-97,dev,43:11:01:41:1C:EB,25C4946DDD7189B224C7D957588BA6F1
2020-06-29 18:01:02.094,-92,1,-98,dev,43:11:01:41:1C:EB,25C4946DDD7189B224C7D957588BA6F1
2020-06-29 18:01:02.379,-91,1,-97,dev,43:11:01:41:1C:EB,25C4946DDD7189B224C7D957588BA6F1
2020-06-29 18:01:02.666,-91,1,-97,dev,43:11:01:41:1C:EB,25C4946DDD7189B224C7D957588BA6F1
2020-06-29 18:01:03.243,-92,1,-98,dev,43:11:01:41:1C:EB,25C4946DDD7189B224C7D957588BA6F1
2020-06-29 18:01:03.522,-91,1,-97,dev,43:11:01:41:1C:EB,25C4946DDD7189B224C7D957588BA6F1
2020-06-29 18:01:03.811,-91,1,-97,dev,43:11:01:41:1C:EB,25C4946DDD7189B224C7D957588BA6F1
2020-06-29 18:01:04.093,-90,1,-96,dev,43:11:01:41:1C:EB,25C4946DDD7189B224C7D957588BA6F1
2020-06-29 18:01:04.378,-91,1,-97,dev,43:11:01:41:1C:EB,25C4946DDD7189B224C7D957588BA6F1
2020-06-29 18:04:39.914,-91,1,-97,dev,43:11:01:41:1C:EB,25C4946DDD7189B224C7D957588BA6F1
2020-06-29 18:04:40.195,-90,1,-96,dev,43:11:01:41:1C:EB,25C4946DDD7189B224C7D957588BA6F1
2020-06-29 18:04:40.482,-90,1,-96,dev,43:11:01:41:1C:EB,25C4946DDD7189B224C7D957588BA6F1
2020-06-29 18:04:40.776,-91,1,-97,dev,43:11:01:41:1C:EB,25C4946DDD7189B224C7D957588BA6F1
2020-06-29 18:04:41.061,-92,1,-98,dev,43:11:01:41:1C:EB,25C4946DDD7189B224C7D957588BA6F1
2020-06-29 18:04:41.352,-91,1,-97,dev,43:11:01:41:1C:EB,25C4946DDD7189B224C7D957588BA6F1
2020-06-29 18:04:41.635,-91,1,-97,dev,43:11:01:41:1C:EB,25C4946DDD7189B224C7D957588BA6F1
2020-06-29 18:04:41.914,-91,1,-97,dev,43:11:01:41:1C:EB,25C4946DDD7189B224C7D957588BA6F1
2020-06-29 18:04:42.202,-86,1,-92,dev,43:11:01:41:1C:EB,25C4946DDD7189B224C7D957588BA6F1
2020-06-29 18:04:42.477,-92,1,-98,dev,43:11:01:41:1C:EB,25C4946DDD7189B224C7D957588BA6F1
2020-06-29 18:04:42.782,-91,1,-97,dev,43:11:01:41:1C:EB,25C4946DDD7189B224C7D957588BA6F1
2020-06-29 18:04:43.068,-91,1,-97,dev,43:11:01:41:1C:EB,25C4946DDD7189B224C7D957588BA6F1
2020-06-29 18:04:43.351,-91,1,-97,dev,43:11:01:41:1C:EB,25C4946DDD7189B224C7D957588BA6F1
2020-06-29 18:09:37.489,-92,1,-98,dev,43:11:01:41:1C:EB,25C4946DDD7189B224C7D957588BA6F1
2020-06-29 18:09:37.781,-92,1,-98,dev,43:11:01:41:1C:EB,25C4946DDD7189B224C7D957588BA6F1
2020-06-29 18:09:38.071,-91,1,-97,dev,43:11:01:41:1C:EB,25C4946DDD7189B224C7D957588BA6F1
2020-06-29 18:09:38.352,-91,1,-97,dev,43:11:01:41:1C:EB,25C4946DDD7189B224C7D957588BA6F1
2020-06-29 18:09:38.928,-91,1,-97,dev,43:11:01:41:1C:EB,25C4946DDD7189B224C7D957588BA6F1
2020-06-29 18:09:39.218,-90,1,-96,dev,43:11:01:41:1C:EB,25C4946DDD7189B224C7D957588BA6F1
2020-06-29 18:09:39.799,-92,1,-98,dev,43:11:01:41:1C:EB,25C4946DDD7189B224C7D957588BA6F1
2020-06-29 18:09:40.082,-91,1,-97,dev,43:11:01:41:1C:EB,25C4946DDD7189B224C7D957588BA6F1
2020-06-29 18:09:40.369,-91,1,-97,dev,43:11:01:41:1C:EB,25C4946DDD7189B224C7D957588BA6F1
2020-06-29 18:13:51.563,-91,1,-97,dev,4F:53:84:E9:7A:96,25C4946DDD7189B224C7D957588BA6F1
2020-06-29 18:13:51.858,-91,1,-97,dev,4F:53:84:E9:7A:96,25C4946DDD7189B224C7D957588BA6F1
2020-06-29 18:13:52.430,-91,1,-97,dev,4F:53:84:E9:7A:96,25C4946DDD7189B224C7D957588BA6F1
2020-06-29 18:13:52.736,-91,1,-97,dev,4F:53:84:E9:7A:96,25C4946DDD7189B224C7D957588BA6F1
2020-06-29 18:13:53.021,-91,1,-97,dev,4F:53:84:E9:7A:96,25C4946DDD7189B224C7D957588BA6F1
2020-06-29 18:13:53.301,-91,1,-97,dev,4F:53:84:E9:7A:96,25C4946DDD7189B224C7D957588BA6F1
2020-06-29 18:13:53.587,-91,1,-97,dev,4F:53:84:E9:7A:96,25C4946DDD7189B224C7D957588BA6F1
2020-06-29 18:13:53.870,-92,1,-98,dev,4F:53:84:E9:7A:96,25C4946DDD7189B224C7D957588BA6F1
2020-06-29 18:13:54.154,-91,1,-97,dev,4F:53:84:E9:7A:96,25C4946DDD7189B224C7D957588BA6F1
2020-06-29 18:13:54.442,-91,1,-97,dev,4F:53:84:E9:7A:96,25C4946DDD7189B224C7D957588BA6F1
2020-06-29 18:13:54.727,-92,1,-98,dev,4F:53:84:E9:7A:96,25C4946DDD7189B224C7D957588BA6F1
2020-06-29 18:13:55.006,-91,1,-97,dev,4F:53:84:E9:7A:96,25C4946DDD7189B224C7D957588BA6F1
2020-06-29 18:13:55.301,-91,1,-97,dev,4F:53:84:E9:7A:96,25C4946DDD7189B224C7D957588BA6F1
2020-06-29 18:18:55.768,-91,1,-97,dev,4F:53:84:E9:7A:96,25C4946DDD7189B224C7D957588BA6F1
2020-06-29 18:18:56.053,-90,1,-96,dev,4F:53:84:E9:7A:96,25C4946DDD7189B224C7D957588BA6F1
2020-06-29 18:18:56.340,-91,1,-97,dev,4F:53:84:E9:7A:96,25C4946DDD7189B224C7D957588BA6F1
2020-06-29 18:18:56.634,-91,1,-97,dev,4F:53:84:E9:7A:96,25C4946DDD7189B224C7D957588BA6F1
2020-06-29 18:18:56.903,-91,1,-97,dev,4F:53:84:E9:7A:96,25C4946DDD7189B224C7D957588BA6F1
2020-06-29 18:18:57.206,-91,1,-97,dev,4F:53:84:E9:7A:96,25C4946DDD7189B224C7D957588BA6F1
2020-06-29 18:18:57.493,-91,1,-97,dev,4F:53:84:E9:7A:96,25C4946DDD7189B224C7D957588BA6F1
2020-06-29 18:18:57.775,-90,1,-96,dev,4F:53:84:E9:7A:96,25C4946DDD7189B224C7D957588BA6F1
2020-06-29 18:18:58.063,-91,1,-97,dev,4F:53:84:E9:7A:96,25C4946DDD7189B224C7D957588BA6F1
2020-06-29 18:18:58.340,-91,1,-97,dev,4F:53:84:E9:7A:96,25C4946DDD7189B224C7D957588BA6F1
2020-06-29 18:18:58.624,-92,1,-98,dev,4F:53:84:E9:7A:96,25C4946DDD7189B224C7D957588BA6F1
2020-06-29 18:18:58.910,-92,1,-98,dev,4F:53:84:E9:7A:96,25C4946DDD7189B224C7D957588BA6F1
2020-06-29 18:18:59.195,-90,1,-96,dev,4F:53:84:E9:7A:96,25C4946DDD7189B224C7D957588BA6F1
2020-06-29 18:22:32.528,-91,1,-97,dev,4F:53:84:E9:7A:96,25C4946DDD7189B224C7D957588BA6F1
2020-06-29 18:22:32.822,-91,1,-97,dev,4F:53:84:E9:7A:96,25C4946DDD7189B224C7D957588BA6F1
2020-06-29 18:22:33.103,-92,1,-98,dev,4F:53:84:E9:7A:96,25C4946DDD7189B224C7D957588BA6F1
2020-06-29 18:22:33.390,-91,1,-97,dev,4F:53:84:E9:7A:96,25C4946DDD7189B224C7D957588BA6F1
2020-06-29 18:22:33.688,-91,1,-97,dev,4F:53:84:E9:7A:96,25C4946DDD7189B224C7D957588BA6F1
2020-06-29 18:22:33.981,-91,1,-97,dev,4F:53:84:E9:7A:96,25C4946DDD7189B224C7D957588BA6F1
2020-06-29 18:22:34.257,-91,1,-97,dev,4F:53:84:E9:7A:96,25C4946DDD7189B224C7D957588BA6F1
2020-06-29 18:22:34.544,-91,1,-97,dev,4F:53:84:E9:7A:96,25C4946DDD7189B224C7D957588BA6F1
2020-06-29 18:22:34.832,-91,1,-97,dev,4F:53:84:E9:7A:96,25C4946DDD7189B224C7D957588BA6F1
2020-06-29 18:22:35.109,-91,1,-97,dev,4F:53:84:E9:7A:96,25C4946DDD7189B224C7D957588BA6F1
2020-06-29 18:22:35.398,-92,1,-98,dev,4F:53:84:E9:7A:96,25C4946DDD7189B224C7D957588BA6F1
2020-06-29 18:22:35.686,-91,1,-97,dev,4F:53:84:E9:7A:96,25C4946DDD7189B224C7D957588BA6F1
2020-06-29 18:22:35.977,-91,1,-97,dev,4F:53:84:E9:7A:96,25C4946DDD7189B224C7D957588BA6F1
2020-06-29 18:22:36.254,-91,1,-97,dev,4F:53:84:E9:7A:96,25C4946DDD7189B224C7D957588BA6F1
2020-06-29 18:27:01.375,-91,1,-97,dev,4F:53:84:E9:7A:96,25C4946DDD7189B224C7D957588BA6F1
2020-06-29 18:27:01.665,-91,1,-97,dev,4F:53:84:E9:7A:96,25C4946DDD7189B224C7D957588BA6F1
2020-06-29 18:27:02.248,-91,1,-97,dev,4F:53:84:E9:7A:96,25C4946DDD7189B224C7D957588BA6F1
2020-06-29 18:27:02.543,-91,1,-97,dev,4F:53:84:E9:7A:96,25C4946DDD7189B224C7D957588BA6F1
2020-06-29 18:27:02.831,-92,1,-98,dev,4F:53:84:E9:7A:96,25C4946DDD7189B224C7D957588BA6F1
2020-06-29 18:27:03.112,-91,1,-97,dev,4F:53:84:E9:7A:96,25C4946DDD7189B224C7D957588BA6F1
2020-06-29 18:27:03.401,-92,1,-98,dev,4F:53:84:E9:7A:96,25C4946DDD7189B224C7D957588BA6F1
2020-06-29 18:27:03.685,-87,1,-93,dev,4F:53:84:E9:7A:96,25C4946DDD7189B224C7D957588BA6F1
2020-06-29 18:27:03.969,-92,1,-98,dev,4F:53:84:E9:7A:96,25C4946DDD7189B224C7D957588BA6F1
2020-06-29 18:27:04.253,-91,1,-97,dev,4F:53:84:E9:7A:96,25C4946DDD7189B224C7D957588BA6F1
2020-06-29 18:27:04.822,-91,1,-97,dev,4F:53:84:E9:7A:96,25C4946DDD7189B224C7D957588BA6F1
2020-06-29 18:27:05.090,-90,1,-96,dev,4F:53:84:E9:7A:96,25C4946DDD7189B224C7D957588BA6F1
2020-06-29 18:31:30.703,-92,1,-98,dev,7C:D6:80:19:88:EC,25C4946DDD7189B224C7D957588BA6F1
2020-06-29 18:31:30.999,-91,1,-97,dev,7C:D6:80:19:88:EC,25C4946DDD7189B224C7D957588BA6F1
2020-06-29 18:31:31.287,-92,1,-98,dev,7C:D6:80:19:88:EC,25C4946DDD7189B224C7D957588BA6F1
2020-06-29 18:31:31.569,-91,1,-97,dev,7C:D6:80:19:88:EC,25C4946DDD7189B224C7D957588BA6F1
2020-06-29 18:31:31.872,-92,1,-98,dev,7C:D6:80:19:88:EC,25C4946DDD7189B224C7D957588BA6F1
2020-06-29 18:31:32.159,-91,1,-97,dev,7C:D6:80:19:88:EC,25C4946DDD7189B224C7D957588BA6F1
2020-06-29 18:31:32.447,-87,1,-93,dev,7C:D6:80:19:88:EC,25C4946DDD7189B224C7D957588BA6F1
2020-06-29 18:31:32.732,-92,1,-98,dev,7C:D6:80:19:88:EC,25C4946DDD7189B224C7D957588BA6F1
2020-06-29 18:31:33.018,-91,1,-97,dev,7C:D6:80:19:88:EC,25C4946DDD7189B224C7D957588BA6F1
2020-06-29 18:31:33.303,-91,1,-97,dev,7C:D6:80:19:88:EC,25C4946DDD7189B224C7D957588BA6F1
2020-06-29 18:31:33.601,-92,1,-98,dev,7C:D6:80:19:88:EC,25C4946DDD7189B224C7D957588BA6F1
2020-06-29 18:31:33.889,-91,1,-97,dev,7C:D6:80:19:88:EC,25C4946DDD7189B224C7D957588BA6F1
2020-06-29 18:31:34.170,-91,1,-97,dev,7C:D6:80:19:88:EC,25C4946DDD7189B224C7D957588BA6F1
2020-06-29 18:31:34.450,-92,1,-98,dev,7C:D6:80:19:88:EC,25C4946DDD7189B224C7D957588BA6F1
2020-06-29 18:35:06.716,-91,1,-97,dev,7C:D6:80:19:88:EC,25C4946DDD7189B224C7D957588BA6F1
2020-06-29 18:35:07.002,-91,1,-97,dev,7C:D6:80:19:88:EC,25C4946DDD7189B224C7D957588BA6F1
2020-06-29 18:35:07.283,-91,1,-97,dev,7C:D6:80:19:88:EC,25C4946DDD7189B224C7D957588BA6F1
2020-06-29 18:35:07.578,-92,1,-98,dev,7C:D6:80:19:88:EC,25C4946DDD7189B224C7D957588BA6F1
2020-06-29 18:35:07.868,-92,1,-98,dev,7C:D6:80:19:88:EC,25C4946DDD7189B224C7D957588BA6F1
2020-06-29 18:35:08.151,-92,1,-98,dev,7C:D6:80:19:88:EC,25C4946DDD7189B224C7D957588BA6F1
2020-06-29 18:35:08.435,-92,1,-98,dev,7C:D6:80:19:88:EC,25C4946DDD7189B224C7D957588BA6F1
2020-06-29 18:35:08.721,-91,1,-97,dev,7C:D6:80:19:88:EC,25C4946DDD7189B224C7D957588BA6F1
2020-06-29 18:35:09.013,-91,1,-97,dev,7C:D6:80:19:88:EC,25C4946DDD7189B224C7D957588BA6F1
2020-06-29 18:35:09.284,-91,1,-97,dev,7C:D6:80:19:88:EC,25C4946DDD7189B224C7D957588BA6F1
2020-06-29 18:35:09.575,-91,1,-97,dev,7C:D6:80:19:88:EC,25C4946DDD7189B224C7D957588BA6F1
2020-06-29 18:35:09.864,-91,1,-97,dev,7C:D6:80:19:88:EC,25C4946DDD7189B224C7D957588BA6F1
2020-06-29 18:35:10.146,-91,1,-97,dev,7C:D6:80:19:88:EC,25C4946DDD7189B224C7D957588BA6F1
2020-06-29 18:38:52.398,-92,1,-98,dev,7C:D6:80:19:88:EC,25C4946DDD7189B224C7D957588BA6F1
2020-06-29 18:38:52.699,-92,1,-98,dev,7C:D6:80:19:88:EC,25C4946DDD7189B224C7D957588BA6F1
2020-06-29 18:38:52.985,-92,1,-98,dev,7C:D6:80:19:88:EC,25C4946DDD7189B224C7D957588BA6F1
2020-06-29 18:38:53.271,-92,1,-98,dev,7C:D6:80:19:88:EC,25C4946DDD7189B224C7D957588BA6F1
2020-06-29 18:38:53.560,-91,1,-97,dev,7C:D6:80:19:88:EC,25C4946DDD7189B224C7D957588BA6F1
2020-06-29 18:38:53.852,-92,1,-98,dev,7C:D6:80:19:88:EC,25C4946DDD7189B224C7D957588BA6F1
2020-06-29 18:38:54.148,-91,1,-97,dev,7C:D6:80:19:88:EC,25C4946DDD7189B224C7D957588BA6F1
2020-06-29 18:38:54.426,-93,1,-99,dev,7C:D6:80:19:88:EC,25C4946DDD7189B224C7D957588BA6F1
2020-06-29 18:38:54.716,-91,1,-97,dev,7C:D6:80:19:88:EC,25C4946DDD7189B224C7D957588BA6F1
2020-06-29 18:38:54.986,-90,1,-96,dev,7C:D6:80:19:88:EC,25C4946DDD7189B224C7D957588BA6F1
2020-06-29 18:38:55.281,-91,1,-97,dev,7C:D6:80:19:88:EC,25C4946DDD7189B224C7D957588BA6F1
2020-06-29 18:38:55.574,-92,1,-98,dev,7C:D6:80:19:88:EC,25C4946DDD7189B224C7D957588BA6F1
2020-06-29 18:38:55.863,-91,1,-97,dev,7C:D6:80:19:88:EC,25C4946DDD7189B224C7D957588BA6F1
2020-06-29 18:38:56.148,-91,1,-97,dev,7C:D6:80:19:88:EC,25C4946DDD7189B224C7D957588BA6F1
2020-06-29 19:03:52.690,-94,1,-100,dev,55:5E:99:C4:61:BF,F0D16633018C4F05008BF895A6009DA7
2020-06-29 19:03:52.975,-94,1,-100,dev,55:5E:99:C4:61:BF,F0D16633018C4F05008BF895A6009DA7
2020-06-29 19:03:53.257,-94,1,-100,dev,55:5E:99:C4:61:BF,F0D16633018C4F05008BF895A6009DA7
2020-06-29 19:03:53.543,-93,1,-99,dev,55:5E:99:C4:61:BF,F0D16633018C4F05008BF895A6009DA7
2020-06-29 19:03:53.839,-94,1,-100,dev,55:5E:99:C4:61:BF,F0D16633018C4F05008BF895A6009DA7
2020-06-29 19:03:54.129,-93,1,-99,dev,55:5E:99:C4:61:BF,F0D16633018C4F05008BF895A6009DA7
2020-06-29 19:03:54.415,-93,1,-99,dev,55:5E:99:C4:61:BF,F0D16633018C4F05008BF895A6009DA7
2020-06-29 19:03:54.692,-93,1,-99,dev,55:5E:99:C4:61:BF,F0D16633018C4F05008BF895A6009DA7
2020-06-29 19:03:54.979,-93,1,-99,dev,55:5E:99:C4:61:BF,F0D16633018C4F05008BF895A6009DA7
2020-06-29 19:03:55.266,-92,1,-98,dev,55:5E:99:C4:61:BF,F0D16633018C4F05008BF895A6009DA7
2020-06-29 19:03:55.554,-94,1,-100,dev,55:5E:99:C4:61:BF,F0D16633018C4F05008BF895A6009DA7
2020-06-29 19:03:56.109,-92,1,-98,dev,55:5E:99:C4:61:BF,F0D16633018C4F05008BF895A6009DA7
2020-06-29 19:08:29.493,-94,1,-100,dev,55:5E:99:C4:61:BF,F0D16633018C4F05008BF895A6009DA7
2020-06-29 19:08:29.777,-94,1,-100,dev,55:5E:99:C4:61:BF,F0D16633018C4F05008BF895A6009DA7
2020-06-29 19:08:30.059,-95,1,-101,dev,55:5E:99:C4:61:BF,F0D16633018C4F05008BF895A6009DA7
2020-06-29 19:08:30.346,-95,1,-101,dev,55:5E:99:C4:61:BF,F0D16633018C4F05008BF895A6009DA7
2020-06-29 19:08:30.652,-97,1,-103,dev,55:5E:99:C4:61:BF,F0D16633018C4F05008BF895A6009DA7
2020-06-29 19:08:30.939,-95,1,-101,dev,55:5E:99:C4:61:BF,F0D16633018C4F05008BF895A6009DA7
2020-06-29 19:08:31.222,-95,1,-101,dev,55:5E:99:C4:61:BF,F0D16633018C4F05008BF895A6009DA7
2020-06-29 19:08:31.507,-96,1,-102,dev,55:5E:99:C4:61:BF,F0D16633018C4F05008BF895A6009DA7
2020-06-29 19:08:31.791,-95,1,-101,dev,55:5E:99:C4:61:BF,F0D16633018C4F05008BF895A6009DA7
2020-06-29 19:08:32.078,-96,1,-102,dev,55:5E:99:C4:61:BF,F0D16633018C4F05008BF895A6009DA7
2020-06-29 19:08:32.369,-95,1,-101,dev,55:5E:99:C4:61:BF,F0D16633018C4F05008BF895A6009DA7
2020-06-29 19:08:32.937,-95,1,-101,dev,55:5E:99:C4:61:BF,F0D16633018C4F05008BF895A6009DA7
2020-06-29 19:08:33.222,-94,1,-100,dev,55:5E:99:C4:61:BF,F0D16633018C4F05008BF895A6009DA7
2020-06-29 19:12:08.891,-92,1,-98,dev,55:5E:99:C4:61:BF,DDDDB31330E75413CD9E4FD2417723C0
2020-06-29 19:12:09.172,-91,1,-97,dev,55:5E:99:C4:61:BF,DDDDB31330E75413CD9E4FD2417723C0
2020-06-29 19:12:09.463,-92,1,-98,dev,55:5E:99:C4:61:BF,DDDDB31330E75413CD9E4FD2417723C0
2020-06-29 19:12:09.741,-92,1,-98,dev,55:5E:99:C4:61:BF,DDDDB31330E75413CD9E4FD2417723C0
2020-06-29 19:12:10.047,-91,1,-97,dev,55:5E:99:C4:61:BF,DDDDB31330E75413CD9E4FD2417723C0
2020-06-29 19:12:10.327,-92,1,-98,dev,55:5E:99:C4:61:BF,DDDDB31330E75413CD9E4FD2417723C0
2020-06-29 19:12:10.596,-92,1,-98,dev,55:5E:99:C4:61:BF,DDDDB31330E75413CD9E4FD2417723C0
2020-06-29 19:12:10.893,-92,1,-98,dev,55:5E:99:C4:61:BF,DDDDB31330E75413CD9E4FD2417723C0
2020-06-29 19:12:11.186,-92,1,-98,dev,55:5E:99:C4:61:BF,DDDDB31330E75413CD9E4FD2417723C0
2020-06-29 19:12:11.469,-92,1,-98,dev,55:5E:99:C4:61:BF,DDDDB31330E75413CD9E4FD2417723C0
2020-06-29 19:12:11.761,-92,1,-98,dev,55:5E:99:C4:61:BF,DDDDB31330E75413CD9E4FD2417723C0
2020-06-29 19:12:12.044,-92,1,-98,dev,55:5E:99:C4:61:BF,DDDDB31330E75413CD9E4FD2417723C0
2020-06-29 19:12:12.329,-92,1,-98,dev,55:5E:99:C4:61:BF,DDDDB31330E75413CD9E4FD2417723C0
2020-06-29 19:16:17.509,-91,1,-97,dev,72:3C:78:1D:BE:79,DDDDB31330E75413CD9E4FD2417723C0
2020-06-29 19:16:17.807,-92,1,-98,dev,72:3C:78:1D:BE:79,DDDDB31330E75413CD9E4FD2417723C0
2020-06-29 19:16:18.097,-91,1,-97,dev,72:3C:78:1D:BE:79,DDDDB31330E75413CD9E4FD2417723C0
2020-06-29 19:16:18.385,-91,1,-97,dev,72:3C:78:1D:BE:79,DDDDB31330E75413CD9E4FD2417723C0
2020-06-29 19:16:18.685,-92,1,-98,dev,72:3C:78:1D:BE:79,DDDDB31330E75413CD9E4FD2417723C0
2020-06-29 19:16:18.969,-92,1,-98,dev,72:3C:78:1D:BE:79,DDDDB31330E75413CD9E4FD2417723C0
2020-06-29 19:16:19.257,-93,1,-99,dev,72:3C:78:1D:BE:79,DDDDB31330E75413CD9E4FD2417723C0
2020-06-29 19:16:19.822,-92,1,-98,dev,72:3C:78:1D:BE:79,DDDDB31330E75413CD9E4FD2417723C0
2020-06-29 19:16:20.107,-92,1,-98,dev,72:3C:78:1D:BE:79,DDDDB31330E75413CD9E4FD2417723C0
2020-06-29 19:16:20.400,-92,1,-98,dev,72:3C:78:1D:BE:79,DDDDB31330E75413CD9E4FD2417723C0
2020-06-29 19:16:20.684,-93,1,-99,dev,72:3C:78:1D:BE:79,DDDDB31330E75413CD9E4FD2417723C0
2020-06-29 19:16:21.252,-92,1,-98,dev,72:3C:78:1D:BE:79,DDDDB31330E75413CD9E4FD2417723C0
2020-06-29 19:20:20.546,-93,1,-99,dev,72:3C:78:1D:BE:79,DDDDB31330E75413CD9E4FD2417723C0
2020-06-29 19:20:20.843,-93,1,-99,dev,72:3C:78:1D:BE:79,DDDDB31330E75413CD9E4FD2417723C0
2020-06-29 19:20:21.129,-87,1,-93,dev,72:3C:78:1D:BE:79,DDDDB31330E75413CD9E4FD2417723C0
2020-06-29 19:20:21.411,-93,1,-99,dev,72:3C:78:1D:BE:79,DDDDB31330E75413CD9E4FD2417723C0
2020-06-29 19:20:21.712,-95,1,-101,dev,72:3C:78:1D:BE:79,DDDDB31330E75413CD9E4FD2417723C0
2020-06-29 19:20:21.998,-93,1,-99,dev,72:3C:78:1D:BE:79,DDDDB31330E75413CD9E4FD2417723C0
2020-06-29 19:20:22.285,-92,1,-98,dev,72:3C:78:1D:BE:79,DDDDB31330E75413CD9E4FD2417723C0
2020-06-29 19:20:22.857,-93,1,-99,dev,72:3C:78:1D:BE:79,DDDDB31330E75413CD9E4FD2417723C0
2020-06-29 19:20:23.128,-93,1,-99,dev,72:3C:78:1D:BE:79,DDDDB31330E75413CD9E4FD2417723C0
2020-06-29 19:20:23.426,-93,1,-99,dev,72:3C:78:1D:BE:79,DDDDB31330E75413CD9E4FD2417723C0
2020-06-29 19:20:23.716,-93,1,-99,dev,72:3C:78:1D:BE:79,DDDDB31330E75413CD9E4FD2417723C0
2020-06-29 19:20:23.995,-92,1,-98,dev,72:3C:78:1D:BE:79,DDDDB31330E75413CD9E4FD2417723C0
2020-06-29 19:20:24.269,-94,1,-100,dev,72:3C:78:1D:BE:79,DDDDB31330E75413CD9E4FD2417723C0
2020-06-29 19:24:18.567,-94,1,-100,dev,72:3C:78:1D:BE:79,DDDDB31330E75413CD9E4FD2417723C0
2020-06-29 19:24:18.862,-93,1,-99,dev,72:3C:78:1D:BE:79,DDDDB31330E75413CD9E4FD2417723C0
2020-06-29 19:24:19.428,-94,1,-100,dev,72:3C:78:1D:BE:79,DDDDB31330E75413CD9E4FD2417723C0
2020-06-29 19:24:19.713,-94,1,-100,dev,72:3C:78:1D:BE:79,DDDDB31330E75413CD9E4FD2417723C0
2020-06-29 19:24:20.016,-94,1,-100,dev,72:3C:78:1D:BE:79,DDDDB31330E75413CD9E4FD2417723C0
2020-06-29 19:24:20.302,-94,1,-100,dev,72:3C:78:1D:BE:79,DDDDB31330E75413CD9E4FD2417723C0
2020-06-29 19:24:20.582,-94,1,-100,dev,72:3C:78:1D:BE:79,DDDDB31330E75413CD9E4FD2417723C0
2020-06-29 19:24:20.874,-94,1,-100,dev,72:3C:78:1D:BE:79,DDDDB31330E75413CD9E4FD2417723C0
2020-06-29 19:24:21.158,-94,1,-100,dev,72:3C:78:1D:BE:79,DDDDB31330E75413CD9E4FD2417723C0
2020-06-29 19:24:21.440,-93,1,-99,dev,72:3C:78:1D:BE:79,DDDDB31330E75413CD9E4FD2417723C0
2020-06-29 19:24:21.731,-88,1,-94,dev,72:3C:78:1D:BE:79,DDDDB31330E75413CD9E4FD2417723C0
2020-06-29 19:24:22.003,-93,1,-99,dev,72:3C:78:1D:BE:79,DDDDB31330E75413CD9E4FD2417723C0
2020-06-29 19:24:22.303,-93,1,-99,dev,72:3C:78:1D:BE:79,DDDDB31330E75413CD9E4FD2417723C0
2020-06-29 19:28:49.556,-93,1,-99,dev,70:F7:9F:9F:90:93,DDDDB31330E75413CD9E4FD2417723C0
2020-06-29 19:28:49.839,-92,1,-98,dev,70:F7:9F:9F:90:93,DDDDB31330E75413CD9E4FD2417723C0
2020-06-29 19:28:50.120,-91,1,-97,dev,70:F7:9F:9F:90:93,DDDDB31330E75413CD9E4FD2417723C0
2020-06-29 19:28:50.405,-93,1,-99,dev,70:F7:9F:9F:90:93,DDDDB31330E75413CD9E4FD2417723C0
2020-06-29 19:28:50.710,-96,1,-102,dev,70:F7:9F:9F:90:93,DDDDB31330E75413CD9E4FD2417723C0
2020-06-29 19:28:50.998,-94,1,-100,dev,70:F7:9F:9F:90:93,DDDDB31330E75413CD9E4FD2417723C0
2020-06-29 19:28:51.273,-95,1,-101,dev,70:F7:9F:9F:90:93,DDDDB31330E75413CD9E4FD2417723C0
2020-06-29 19:28:51.564,-95,1,-101,dev,70:F7:9F:9F:90:93,DDDDB31330E75413CD9E4FD2417723C0
2020-06-29 19:28:51.849,-94,1,-100,dev,70:F7:9F:9F:90:93,DDDDB31330E75413CD9E4FD2417723C0
2020-06-29 19:28:52.132,-95,1,-101,dev,70:F7:9F:9F:90:93,DDDDB31330E75413CD9E4FD2417723C0
2020-06-29 19:28:52.420,-94,1,-100,dev,70:F7:9F:9F:90:93,DDDDB31330E75413CD9E4FD2417723C0
2020-06-29 19:28:52.702,-96,1,-102,dev,70:F7:9F:9F:90:93,DDDDB31330E75413CD9E4FD2417723C0
2020-06-29 19:28:52.993,-94,1,-100,dev,70:F7:9F:9F:90:93,DDDDB31330E75413CD9E4FD2417723C0
2020-06-29 19:28:53.273,-94,1,-100,dev,70:F7:9F:9F:90:93,DDDDB31330E75413CD9E4FD2417723C0
2020-06-29 19:33:29.705,-91,1,-97,dev,70:F7:9F:9F:90:93,DDDDB31330E75413CD9E4FD2417723C0
2020-06-29 19:33:30.280,-92,1,-98,dev,70:F7:9F:9F:90:93,DDDDB31330E75413CD9E4FD2417723C0
2020-06-29 19:33:30.574,-91,1,-97,dev,70:F7:9F:9F:90:93,DDDDB31330E75413CD9E4FD2417723C0
2020-06-29 19:33:30.860,-91,1,-97,dev,70:F7:9F:9F:90:93,DDDDB31330E75413CD9E4FD2417723C0
2020-06-29 19:33:31.141,-91,1,-97,dev,70:F7:9F:9F:90:93,DDDDB31330E75413CD9E4FD2417723C0
2020-06-29 19:33:31.434,-90,1,-96,dev,70:F7:9F:9F:90:93,DDDDB31330E75413CD9E4FD2417723C0
2020-06-29 19:33:31.996,-90,1,-96,dev,70:F7:9F:9F:90:93,DDDDB31330E75413CD9E4FD2417723C0
2020-06-29 19:33:32.568,-91,1,-97,dev,70:F7:9F:9F:90:93,DDDDB31330E75413CD9E4FD2417723C0
2020-06-29 19:33:32.853,-91,1,-97,dev,70:F7:9F:9F:90:93,DDDDB31330E75413CD9E4FD2417723C0
2020-06-29 19:38:33.577,-90,1,-96,dev,70:F7:9F:9F:90:93,DDDDB31330E75413CD9E4FD2417723C0
2020-06-29 19:38:33.872,-90,1,-96,dev,70:F7:9F:9F:90:93,DDDDB31330E75413CD9E4FD2417723C0
2020-06-29 19:38:34.453,-89,1,-95,dev,70:F7:9F:9F:90:93,DDDDB31330E75413CD9E4FD2417723C0
2020-06-29 19:38:34.744,-90,1,-96,dev,70:F7:9F:9F:90:93,DDDDB31330E75413CD9E4FD2417723C0
2020-06-29 19:38:35.028,-90,1,-96,dev,70:F7:9F:9F:90:93,DDDDB31330E75413CD9E4FD2417723C0
2020-06-29 19:38:35.319,-90,1,-96,dev,70:F7:9F:9F:90:93,DDDDB31330E75413CD9E4FD2417723C0
2020-06-29 19:38:35.593,-90,1,-96,dev,70:F7:9F:9F:90:93,DDDDB31330E75413CD9E4FD2417723C0
2020-06-29 19:38:35.881,-90,1,-96,dev,70:F7:9F:9F:90:93,DDDDB31330E75413CD9E4FD2417723C0
2020-06-29 19:38:36.171,-90,1,-96,dev,70:F7:9F:9F:90:93,DDDDB31330E75413CD9E4FD2417723C0
2020-06-29 19:38:36.462,-89,1,-95,dev,70:F7:9F:9F:90:93,DDDDB31330E75413CD9E4FD2417723C0
2020-06-29 19:38:37.032,-90,1,-96,dev,70:F7:9F:9F:90:93,DDDDB31330E75413CD9E4FD2417723C0
2020-06-29 19:38:37.319,-90,1,-96,dev,70:F7:9F:9F:90:93,DDDDB31330E75413CD9E4FD2417723C0
2020-06-29 19:43:24.436,-90,1,-96,dev,70:F7:9F:9F:90:93,DDDDB31330E75413CD9E4FD2417723C0
2020-06-29 19:43:25.008,-90,1,-96,dev,70:F7:9F:9F:90:93,DDDDB31330E75413CD9E4FD2417723C0
2020-06-29 19:43:25.298,-90,1,-96,dev,70:F7:9F:9F:90:93,DDDDB31330E75413CD9E4FD2417723C0
2020-06-29 19:43:25.597,-89,1,-95,dev,70:F7:9F:9F:90:93,DDDDB31330E75413CD9E4FD2417723C0
2020-06-29 19:43:25.881,-89,1,-95,dev,70:F7:9F:9F:90:93,DDDDB31330E75413CD9E4FD2417723C0
2020-06-29 19:43:26.151,-89,1,-95,dev,70:F7:9F:9F:90:93,DDDDB31330E75413CD9E4FD2417723C0
2020-06-29 19:43:26.423,-90,1,-96,dev,70:F7:9F:9F:90:93,DDDDB31330E75413CD9E4FD2417723C0
2020-06-29 19:43:26.982,-90,1,-96,dev,70:F7:9F:9F:90:93,DDDDB31330E75413CD9E4FD2417723C0
2020-06-29 19:43:27.281,-90,1,-96,dev,70:F7:9F:9F:90:93,DDDDB31330E75413CD9E4FD2417723C0
2020-06-29 19:43:27.586,-90,1,-96,dev,70:F7:9F:9F:90:93,DDDDB31330E75413CD9E4FD2417723C0
2020-06-29 19:43:27.863,-89,1,-95,dev,70:F7:9F:9F:90:93,DDDDB31330E75413CD9E4FD2417723C0
2020-06-29 19:43:28.145,-89,1,-95,dev,70:F7:9F:9F:90:93,DDDDB31330E75413CD9E4FD2417723C0
2020-06-29 19:47:06.606,-91,1,-97,dev,44:CE:41:35:65:5A,DDDDB31330E75413CD9E4FD2417723C0
2020-06-29 19:47:06.891,-91,1,-97,dev,44:CE:41:35:65:5A,DDDDB31330E75413CD9E4FD2417723C0
2020-06-29 19:47:07.169,-91,1,-97,dev,44:CE:41:35:65:5A,DDDDB31330E75413CD9E4FD2417723C0
2020-06-29 19:47:07.460,-91,1,-97,dev,44:CE:41:35:65:5A,DDDDB31330E75413CD9E4FD2417723C0
2020-06-29 19:47:07.764,-92,1,-98,dev,44:CE:41:35:65:5A,DDDDB31330E75413CD9E4FD2417723C0
2020-06-29 19:47:08.048,-90,1,-96,dev,44:CE:41:35:65:5A,DDDDB31330E75413CD9E4FD2417723C0
2020-06-29 19:47:08.627,-91,1,-97,dev,44:CE:41:35:65:5A,DDDDB31330E75413CD9E4FD2417723C0
2020-06-29 19:47:08.888,-91,1,-97,dev,44:CE:41:35:65:5A,DDDDB31330E75413CD9E4FD2417723C0
2020-06-29 19:47:09.204,-91,1,-97,dev,44:CE:41:35:65:5A,DDDDB31330E75413CD9E4FD2417723C0
2020-06-29 19:47:09.485,-91,1,-97,dev,44:CE:41:35:65:5A,DDDDB31330E75413CD9E4FD2417723C0
2020-06-29 19:47:09.760,-90,1,-96,dev,44:CE:41:35:65:5A,DDDDB31330E75413CD9E4FD2417723C0
2020-06-29 19:47:10.050,-91,1,-97,dev,44:CE:41:35:65:5A,DDDDB31330E75413CD9E4FD2417723C0
2020-06-29 19:47:10.323,-91,1,-97,dev,44:CE:41:35:65:5A,DDDDB31330E75413CD9E4FD2417723C0
2020-06-29 19:51:41.658,-90,1,-96,dev,44:CE:41:35:65:5A,DDDDB31330E75413CD9E4FD2417723C0
2020-06-29 19:51:41.942,-90,1,-96,dev,44:CE:41:35:65:5A,DDDDB31330E75413CD9E4FD2417723C0
2020-06-29 19:51:42.225,-91,1,-97,dev,44:CE:41:35:65:5A,DDDDB31330E75413CD9E4FD2417723C0
2020-06-29 19:51:42.805,-90,1,-96,dev,44:CE:41:35:65:5A,DDDDB31330E75413CD9E4FD2417723C0
2020-06-29 19:51:43.091,-90,1,-96,dev,44:CE:41:35:65:5A,DDDDB31330E75413CD9E4FD2417723C0
2020-06-29 19:51:43.371,-90,1,-96,dev,44:CE:41:35:65:5A,DDDDB31330E75413CD9E4FD2417723C0
2020-06-29 19:51:43.662,-90,1,-96,dev,44:CE:41:35:65:5A,DDDDB31330E75413CD9E4FD2417723C0
2020-06-29 19:51:43.949,-90,1,-96,dev,44:CE:41:35:65:5A,DDDDB31330E75413CD9E4FD2417723C0
2020-06-29 19:51:44.516,-90,1,-96,dev,44:CE:41:35:65:5A,DDDDB31330E75413CD9E4FD2417723C0
2020-06-29 19:51:44.800,-90,1,-96,dev,44:CE:41:35:65:5A,DDDDB31330E75413CD9E4FD2417723C0
2020-06-29 19:51:45.083,-90,1,-96,dev,44:CE:41:35:65:5A,DDDDB31330E75413CD9E4FD2417723C0
2020-06-29 19:56:13.472,-90,1,-96,dev,44:CE:41:35:65:5A,DDDDB31330E75413CD9E4FD2417723C0
2020-06-29 19:56:13.768,-90,1,-96,dev,44:CE:41:35:65:5A,DDDDB31330E75413CD9E4FD2417723C0
2020-06-29 19:56:14.058,-86,1,-92,dev,44:CE:41:35:65:5A,DDDDB31330E75413CD9E4FD2417723C0
2020-06-29 19:56:14.348,-90,1,-96,dev,44:CE:41:35:65:5A,DDDDB31330E75413CD9E4FD2417723C0
2020-06-29 19:56:14.651,-90,1,-96,dev,44:CE:41:35:65:5A,DDDDB31330E75413CD9E4FD2417723C0
2020-06-29 19:56:14.937,-90,1,-96,dev,44:CE:41:35:65:5A,DDDDB31330E75413CD9E4FD2417723C0
2020-06-29 19:56:15.222,-90,1,-96,dev,44:CE:41:35:65:5A,DDDDB31330E75413CD9E4FD2417723C0
2020-06-29 19:56:15.508,-90,1,-96,dev,44:CE:41:35:65:5A,DDDDB31330E75413CD9E4FD2417723C0
2020-06-29 19:56:15.784,-90,1,-96,dev,44:CE:41:35:65:5A,DDDDB31330E75413CD9E4FD2417723C0
2020-06-29 19:56:16.070,-90,1,-96,dev,44:CE:41:35:65:5A,DDDDB31330E75413CD9E4FD2417723C0
2020-06-29 19:56:16.358,-89,1,-95,dev,44:CE:41:35:65:5A,DDDDB31330E75413CD9E4FD2417723C0
2020-06-29 19:56:16.643,-86,1,-92,dev,44:CE:41:35:65:5A,DDDDB31330E75413CD9E4FD2417723C0
2020-06-29 19:56:16.925,-90,1,-96,dev,44:CE:41:35:65:5A,DDDDB31330E75413CD9E4FD2417723C0
2020-06-29 19:56:17.213,-90,1,-96,dev,44:CE:41:35:65:5A,DDDDB31330E75413CD9E4FD2417723C0
2020-06-29 20:01:08.325,-93,1,-99,dev,73:EA:3A:CE:A2:E6,DDDDB31330E75413CD9E4FD2417723C0
2020-06-29 20:01:08.916,-94,1,-100,dev,73:EA:3A:CE:A2:E6,DDDDB31330E75413CD9E4FD2417723C0
2020-06-29 20:01:09.202,-94,1,-100,dev,73:EA:3A:CE:A2:E6,DDDDB31330E75413CD9E4FD2417723C0
2020-06-29 20:01:09.491,-93,1,-99,dev,73:EA:3A:CE:A2:E6,DDDDB31330E75413CD9E4FD2417723C0
2020-06-29 20:01:09.792,-94,1,-100,dev,73:EA:3A:CE:A2:E6,DDDDB31330E75413CD9E4FD2417723C0
2020-06-29 20:01:10.076,-93,1,-99,dev,73:EA:3A:CE:A2:E6,DDDDB31330E75413CD9E4FD2417723C0
2020-06-29 20:01:10.368,-93,1,-99,dev,73:EA:3A:CE:A2:E6,DDDDB31330E75413CD9E4FD2417723C0
2020-06-29 20:01:10.628,-94,1,-100,dev,73:EA:3A:CE:A2:E6,DDDDB31330E75413CD9E4FD2417723C0
2020-06-29 20:01:10.939,-94,1,-100,dev,73:EA:3A:CE:A2:E6,DDDDB31330E75413CD9E4FD2417723C0
2020-06-29 20:01:11.512,-93,1,-99,dev,73:EA:3A:CE:A2:E6,DDDDB31330E75413CD9E4FD2417723C0
2020-06-29 20:01:11.780,-93,1,-99,dev,73:EA:3A:CE:A2:E6,DDDDB31330E75413CD9E4FD2417723C0
2020-06-29 20:01:12.075,-93,1,-99,dev,73:EA:3A:CE:A2:E6,DDDDB31330E75413CD9E4FD2417723C0
2020-06-29 20:06:11.012,-93,1,-99,dev,73:EA:3A:CE:A2:E6,DDDDB31330E75413CD9E4FD2417723C0
2020-06-29 20:06:11.883,-92,1,-98,dev,73:EA:3A:CE:A2:E6,DDDDB31330E75413CD9E4FD2417723C0
2020-06-29 20:06:12.172,-93,1,-99,dev,73:EA:3A:CE:A2:E6,DDDDB31330E75413CD9E4FD2417723C0
2020-06-29 20:06:13.309,-94,1,-100,dev,73:EA:3A:CE:A2:E6,DDDDB31330E75413CD9E4FD2417723C0
2020-06-29 20:06:13.886,-94,1,-100,dev,73:EA:3A:CE:A2:E6,DDDDB31330E75413CD9E4FD2417723C0
2020-06-29 20:06:14.166,-93,1,-99,dev,73:EA:3A:CE:A2:E6,DDDDB31330E75413CD9E4FD2417723C0
2020-06-29 20:09:58.549,-92,1,-98,dev,73:EA:3A:CE:A2:E6,DDDDB31330E75413CD9E4FD2417723C0
2020-06-29 20:09:58.837,-91,1,-97,dev,73:EA:3A:CE:A2:E6,DDDDB31330E75413CD9E4FD2417723C0
2020-06-29 20:09:59.117,-91,1,-97,dev,73:EA:3A:CE:A2:E6,DDDDB31330E75413CD9E4FD2417723C0
2020-06-29 20:09:59.394,-91,1,-97,dev,73:EA:3A:CE:A2:E6,DDDDB31330E75413CD9E4FD2417723C0
2020-06-29 20:09:59.704,-91,1,-97,dev,73:EA:3A:CE:A2:E6,DDDDB31330E75413CD9E4FD2417723C0
2020-06-29 20:09:59.991,-91,1,-97,dev,73:EA:3A:CE:A2:E6,DDDDB31330E75413CD9E4FD2417723C0
2020-06-29 20:10:00.269,-91,1,-97,dev,73:EA:3A:CE:A2:E6,DDDDB31330E75413CD9E4FD2417723C0
2020-06-29 20:10:00.551,-90,1,-96,dev,73:EA:3A:CE:A2:E6,DDDDB31330E75413CD9E4FD2417723C0
2020-06-29 20:10:00.846,-91,1,-97,dev,73:EA:3A:CE:A2:E6,DDDDB31330E75413CD9E4FD2417723C0
2020-06-29 20:10:01.125,-91,1,-97,dev,73:EA:3A:CE:A2:E6,DDDDB31330E75413CD9E4FD2417723C0
2020-06-29 20:10:01.417,-92,1,-98,dev,73:EA:3A:CE:A2:E6,DDDDB31330E75413CD9E4FD2417723C0
2020-06-29 20:10:01.701,-92,1,-98,dev,73:EA:3A:CE:A2:E6,DDDDB31330E75413CD9E4FD2417723C0
2020-06-29 20:10:01.989,-91,1,-97,dev,73:EA:3A:CE:A2:E6,DDDDB31330E75413CD9E4FD2417723C0
2020-06-29 20:10:02.265,-91,1,-97,dev,73:EA:3A:CE:A2:E6,DDDDB31330E75413CD9E4FD2417723C0
2020-06-30 12:15:37.958,-87,1,-93,dev,62:89:2B:DD:DD:C9,347D0E0CBA24A6803E88C18D57EB0E01
2020-06-30 12:15:38.250,-87,1,-93,dev,62:89:2B:DD:DD:C9,347D0E0CBA24A6803E88C18D57EB0E01
2020-06-30 12:15:38.538,-87,1,-93,dev,62:89:2B:DD:DD:C9,347D0E0CBA24A6803E88C18D57EB0E01
2020-06-30 12:15:38.826,-87,1,-93,dev,62:89:2B:DD:DD:C9,347D0E0CBA24A6803E88C18D57EB0E01
2020-06-30 12:15:39.118,-87,1,-93,dev,62:89:2B:DD:DD:C9,347D0E0CBA24A6803E88C18D57EB0E01
2020-06-30 12:15:39.399,-87,1,-93,dev,62:89:2B:DD:DD:C9,347D0E0CBA24A6803E88C18D57EB0E01
2020-06-30 12:15:39.697,-87,1,-93,dev,62:89:2B:DD:DD:C9,347D0E0CBA24A6803E88C18D57EB0E01
2020-06-30 12:15:39.983,-88,1,-94,dev,62:89:2B:DD:DD:C9,347D0E0CBA24A6803E88C18D57EB0E01
2020-06-30 12:15:40.270,-88,1,-94,dev,62:89:2B:DD:DD:C9,347D0E0CBA24A6803E88C18D57EB0E01
2020-06-30 12:15:40.558,-87,1,-93,dev,62:89:2B:DD:DD:C9,347D0E0CBA24A6803E88C18D57EB0E01
2020-06-30 12:15:41.118,-87,1,-93,dev,62:89:2B:DD:DD:C9,347D0E0CBA24A6803E88C18D57EB0E01
2020-06-30 12:15:41.415,-88,1,-94,dev,62:89:2B:DD:DD:C9,347D0E0CBA24A6803E88C18D57EB0E01
2020-06-30 12:15:41.701,-87,1,-93,dev,62:89:2B:DD:DD:C9,347D0E0CBA24A6803E88C18D57EB0E01
2020-06-30 12:19:54.985,-87,1,-93,dev,62:89:2B:DD:DD:C9,347D0E0CBA24A6803E88C18D57EB0E01
2020-06-30 12:19:55.288,-87,1,-93,dev,62:89:2B:DD:DD:C9,347D0E0CBA24A6803E88C18D57EB0E01
2020-06-30 12:19:55.552,-87,1,-93,dev,62:89:2B:DD:DD:C9,347D0E0CBA24A6803E88C18D57EB0E01
2020-06-30 12:19:55.840,-87,1,-93,dev,62:89:2B:DD:DD:C9,347D0E0CBA24A6803E88C18D57EB0E01
2020-06-30 12:19:56.137,-87,1,-93,dev,62:89:2B:DD:DD:C9,347D0E0CBA24A6803E88C18D57EB0E01
2020-06-30 12:19:56.429,-87,1,-93,dev,62:89:2B:DD:DD:C9,347D0E0CBA24A6803E88C18D57EB0E01
2020-06-30 12:19:56.710,-87,1,-93,dev,62:89:2B:DD:DD:C9,347D0E0CBA24A6803E88C18D57EB0E01
2020-06-30 12:19:56.996,-87,1,-93,dev,62:89:2B:DD:DD:C9,347D0E0CBA24A6803E88C18D57EB0E01
2020-06-30 12:19:57.280,-87,1,-93,dev,62:89:2B:DD:DD:C9,347D0E0CBA24A6803E88C18D57EB0E01
2020-06-30 12:19:57.556,-87,1,-93,dev,62:89:2B:DD:DD:C9,347D0E0CBA24A6803E88C18D57EB0E01
2020-06-30 12:19:57.849,-87,1,-93,dev,62:89:2B:DD:DD:C9,347D0E0CBA24A6803E88C18D57EB0E01
2020-06-30 12:19:58.134,-87,1,-93,dev,62:89:2B:DD:DD:C9,347D0E0CBA24A6803E88C18D57EB0E01
2020-06-30 12:19:58.420,-87,1,-93,dev,62:89:2B:DD:DD:C9,347D0E0CBA24A6803E88C18D57EB0E01
2020-06-30 12:19:58.702,-87,1,-93,dev,62:89:2B:DD:DD:C9,347D0E0CBA24A6803E88C18D57EB0E01
2020-06-30 12:24:51.045,-87,1,-93,dev,62:89:2B:DD:DD:C9,FACBBF2A9E4F7389303E7F8F747F6019
2020-06-30 12:24:51.330,-87,1,-93,dev,62:89:2B:DD:DD:C9,FACBBF2A9E4F7389303E7F8F747F6019
2020-06-30 12:24:51.614,-87,1,-93,dev,62:89:2B:DD:DD:C9,FACBBF2A9E4F7389303E7F8F747F6019
2020-06-30 12:24:51.918,-87,1,-93,dev,62:89:2B:DD:DD:C9,FACBBF2A9E4F7389303E7F8F747F6019
2020-06-30 12:24:52.209,-87,1,-93,dev,62:89:2B:DD:DD:C9,FACBBF2A9E4F7389303E7F8F747F6019
2020-06-30 12:24:52.490,-88,1,-94,dev,62:89:2B:DD:DD:C9,FACBBF2A9E4F7389303E7F8F747F6019
2020-06-30 12:24:52.779,-87,1,-93,dev,62:89:2B:DD:DD:C9,FACBBF2A9E4F7389303E7F8F747F6019
2020-06-30 12:24:53.069,-87,1,-93,dev,62:89:2B:DD:DD:C9,FACBBF2A9E4F7389303E7F8F747F6019
2020-06-30 12:24:53.355,-88,1,-94,dev,62:89:2B:DD:DD:C9,FACBBF2A9E4F7389303E7F8F747F6019
2020-06-30 12:24:53.929,-88,1,-94,dev,62:89:2B:DD:DD:C9,FACBBF2A9E4F7389303E7F8F747F6019
2020-06-30 12:24:54.202,-88,1,-94,dev,62:89:2B:DD:DD:C9,FACBBF2A9E4F7389303E7F8F747F6019
2020-06-30 12:24:54.497,-87,1,-93,dev,62:89:2B:DD:DD:C9,FACBBF2A9E4F7389303E7F8F747F6019
2020-06-30 12:29:43.850,-87,1,-93,dev,52:08:A4:8D:3F:E9,FACBBF2A9E4F7389303E7F8F747F6019
2020-06-30 12:29:44.146,-87,1,-93,dev,52:08:A4:8D:3F:E9,FACBBF2A9E4F7389303E7F8F747F6019
2020-06-30 12:29:44.434,-87,1,-93,dev,52:08:A4:8D:3F:E9,FACBBF2A9E4F7389303E7F8F747F6019
2020-06-30 12:29:44.715,-87,1,-93,dev,52:08:A4:8D:3F:E9,FACBBF2A9E4F7389303E7F8F747F6019
2020-06-30 12:29:45.016,-87,1,-93,dev,52:08:A4:8D:3F:E9,FACBBF2A9E4F7389303E7F8F747F6019
2020-06-30 12:29:45.299,-87,1,-93,dev,52:08:A4:8D:3F:E9,FACBBF2A9E4F7389303E7F8F747F6019
2020-06-30 12:29:45.582,-87,1,-93,dev,52:08:A4:8D:3F:E9,FACBBF2A9E4F7389303E7F8F747F6019
2020-06-30 12:29:45.874,-87,1,-93,dev,52:08:A4:8D:3F:E9,FACBBF2A9E4F7389303E7F8F747F6019
2020-06-30 12:29:46.157,-87,1,-93,dev,52:08:A4:8D:3F:E9,FACBBF2A9E4F7389303E7F8F747F6019
2020-06-30 12:29:46.442,-87,1,-93,dev,52:08:A4:8D:3F:E9,FACBBF2A9E4F7389303E7F8F747F6019
2020-06-30 12:29:46.725,-87,1,-93,dev,52:08:A4:8D:3F:E9,FACBBF2A9E4F7389303E7F8F747F6019
2020-06-30 12:29:47.015,-87,1,-93,dev,52:08:A4:8D:3F:E9,FACBBF2A9E4F7389303E7F8F747F6019
2020-06-30 12:29:47.297,-87,1,-93,dev,52:08:A4:8D:3F:E9,FACBBF2A9E4F7389303E7F8F747F6019
2020-06-30 12:29:47.575,-87,1,-93,dev,52:08:A4:8D:3F:E9,FACBBF2A9E4F7389303E7F8F747F6019
2020-06-30 12:33:32.861,-87,1,-93,dev,52:08:A4:8D:3F:E9,FACBBF2A9E4F7389303E7F8F747F6019
2020-06-30 12:33:33.157,-87,1,-93,dev,52:08:A4:8D:3F:E9,FACBBF2A9E4F7389303E7F8F747F6019
2020-06-30 12:33:33.445,-87,1,-93,dev,52:08:A4:8D:3F:E9,FACBBF2A9E4F7389303E7F8F747F6019
2020-06-30 12:33:33.733,-87,1,-93,dev,52:08:A4:8D:3F:E9,FACBBF2A9E4F7389303E7F8F747F6019
2020-06-30 12:33:34.028,-87,1,-93,dev,52:08:A4:8D:3F:E9,FACBBF2A9E4F7389303E7F8F747F6019
2020-06-30 12:33:34.320,-88,1,-94,dev,52:08:A4:8D:3F:E9,FACBBF2A9E4F7389303E7F8F747F6019
2020-06-30 12:33:34.883,-88,1,-94,dev,52:08:A4:8D:3F:E9,FACBBF2A9E4F7389303E7F8F747F6019
2020-06-30 12:33:35.169,-87,1,-93,dev,52:08:A4:8D:3F:E9,FACBBF2A9E4F7389303E7F8F747F6019
2020-06-30 12:33:35.740,-87,1,-93,dev,52:08:A4:8D:3F:E9,FACBBF2A9E4F7389303E7F8F747F6019
2020-06-30 12:33:36.022,-86,1,-92,dev,52:08:A4:8D:3F:E9,FACBBF2A9E4F7389303E7F8F747F6019
2020-06-30 12:33:36.309,-87,1,-93,dev,52:08:A4:8D:3F:E9,FACBBF2A9E4F7389303E7F8F747F6019
2020-06-30 12:33:36.584,-88,1,-94,dev,52:08:A4:8D:3F:E9,FACBBF2A9E4F7389303E7F8F747F6019
2020-06-30 12:38:11.118,-87,1,-93,dev,52:08:A4:8D:3F:E9,FACBBF2A9E4F7389303E7F8F747F6019
2020-06-30 12:38:11.401,-87,1,-93,dev,52:08:A4:8D:3F:E9,FACBBF2A9E4F7389303E7F8F747F6019
2020-06-30 12:38:11.693,-87,1,-93,dev,52:08:A4:8D:3F:E9,FACBBF2A9E4F7389303E7F8F747F6019
2020-06-30 12:38:11.975,-88,1,-94,dev,52:08:A4:8D:3F:E9,FACBBF2A9E4F7389303E7F8F747F6019
2020-06-30 12:38:12.271,-87,1,-93,dev,52:08:A4:8D:3F:E9,FACBBF2A9E4F7389303E7F8F747F6019
2020-06-30 12:38:12.548,-87,1,-93,dev,52:08:A4:8D:3F:E9,FACBBF2A9E4F7389303E7F8F747F6019
2020-06-30 12:38:12.830,-88,1,-94,dev,52:08:A4:8D:3F:E9,FACBBF2A9E4F7389303E7F8F747F6019
2020-06-30 12:38:13.112,-87,1,-93,dev,52:08:A4:8D:3F:E9,FACBBF2A9E4F7389303E7F8F747F6019
2020-06-30 12:38:13.407,-88,1,-94,dev,52:08:A4:8D:3F:E9,FACBBF2A9E4F7389303E7F8F747F6019
2020-06-30 12:38:13.695,-87,1,-93,dev,52:08:A4:8D:3F:E9,FACBBF2A9E4F7389303E7F8F747F6019
2020-06-30 12:38:13.975,-87,1,-93,dev,52:08:A4:8D:3F:E9,FACBBF2A9E4F7389303E7F8F747F6019
2020-06-30 12:38:14.263,-88,1,-94,dev,52:08:A4:8D:3F:E9,FACBBF2A9E4F7389303E7F8F747F6019
2020-06-30 12:38:14.550,-87,1,-93,dev,52:08:A4:8D:3F:E9,FACBBF2A9E4F7389303E7F8F747F6019
2020-06-30 12:42:29.158,-87,1,-93,dev,52:08:A4:8D:3F:E9,FACBBF2A9E4F7389303E7F8F747F6019
2020-06-30 12:42:29.443,-88,1,-94,dev,52:08:A4:8D:3F:E9,FACBBF2A9E4F7389303E7F8F747F6019
2020-06-30 12:42:29.726,-87,1,-93,dev,52:08:A4:8D:3F:E9,FACBBF2A9E4F7389303E7F8F747F6019
2020-06-30 12:42:30.028,-87,1,-93,dev,52:08:A4:8D:3F:E9,FACBBF2A9E4F7389303E7F8F747F6019
2020-06-30 12:42:30.316,-87,1,-93,dev,52:08:A4:8D:3F:E9,FACBBF2A9E4F7389303E7F8F747F6019
2020-06-30 12:42:30.603,-87,1,-93,dev,52:08:A4:8D:3F:E9,FACBBF2A9E4F7389303E7F8F747F6019
2020-06-30 12:42:30.886,-87,1,-93,dev,52:08:A4:8D:3F:E9,FACBBF2A9E4F7389303E7F8F747F6019
2020-06-30 12:42:31.175,-87,1,-93,dev,52:08:A4:8D:3F:E9,FACBBF2A9E4F7389303E7F8F747F6019
2020-06-30 12:42:31.460,-87,1,-93,dev,52:08:A4:8D:3F:E9,FACBBF2A9E4F7389303E7F8F747F6019
2020-06-30 12:42:31.746,-87,1,-93,dev,52:08:A4:8D:3F:E9,FACBBF2A9E4F7389303E7F8F747F6019
2020-06-30 12:42:32.030,-87,1,-93,dev,52:08:A4:8D:3F:E9,FACBBF2A9E4F7389303E7F8F747F6019
2020-06-30 12:42:32.313,-88,1,-94,dev,52:08:A4:8D:3F:E9,FACBBF2A9E4F7389303E7F8F747F6019
2020-06-30 12:42:32.601,-87,1,-93,dev,52:08:A4:8D:3F:E9,FACBBF2A9E4F7389303E7F8F747F6019
2020-06-30 12:47:13.051,-87,1,-93,dev,6A:DE:5C:8E:29:A3,FACBBF2A9E4F7389303E7F8F747F6019
2020-06-30 12:47:13.345,-88,1,-94,dev,6A:DE:5C:8E:29:A3,FACBBF2A9E4F7389303E7F8F747F6019
2020-06-30 12:47:13.626,-87,1,-93,dev,6A:DE:5C:8E:29:A3,FACBBF2A9E4F7389303E7F8F747F6019
2020-06-30 12:47:13.911,-87,1,-93,dev,6A:DE:5C:8E:29:A3,FACBBF2A9E4F7389303E7F8F747F6019
2020-06-30 12:47:14.215,-87,1,-93,dev,6A:DE:5C:8E:29:A3,FACBBF2A9E4F7389303E7F8F747F6019
2020-06-30 12:47:14.502,-87,1,-93,dev,6A:DE:5C:8E:29:A3,FACBBF2A9E4F7389303E7F8F747F6019
2020-06-30 12:47:14.794,-87,1,-93,dev,6A:DE:5C:8E:29:A3,FACBBF2A9E4F7389303E7F8F747F6019
2020-06-30 12:47:15.624,-86,1,-92,dev,6A:DE:5C:8E:29:A3,FACBBF2A9E4F7389303E7F8F747F6019
2020-06-30 12:47:15.909,-86,1,-92,dev,6A:DE:5C:8E:29:A3,FACBBF2A9E4F7389303E7F8F747F6019
2020-06-30 12:47:16.199,-86,1,-92,dev,6A:DE:5C:8E:29:A3,FACBBF2A9E4F7389303E7F8F747F6019
2020-06-30 12:47:16.507,-87,1,-93,dev,6A:DE:5C:8E:29:A3,FACBBF2A9E4F7389303E7F8F747F6019
2020-06-30 12:51:12.988,-87,1,-93,dev,6A:DE:5C:8E:29:A3,FACBBF2A9E4F7389303E7F8F747F6019
2020-06-30 12:51:13.278,-87,1,-93,dev,6A:DE:5C:8E:29:A3,FACBBF2A9E4F7389303E7F8F747F6019
2020-06-30 12:51:13.563,-87,1,-93,dev,6A:DE:5C:8E:29:A3,FACBBF2A9E4F7389303E7F8F747F6019
2020-06-30 12:51:13.851,-87,1,-93,dev,6A:DE:5C:8E:29:A3,FACBBF2A9E4F7389303E7F8F747F6019
2020-06-30 12:51:14.145,-88,1,-94,dev,6A:DE:5C:8E:29:A3,FACBBF2A9E4F7389303E7F8F747F6019
2020-06-30 12:51:14.716,-87,1,-93,dev,6A:DE:5C:8E:29:A3,FACBBF2A9E4F7389303E7F8F747F6019
2020-06-30 12:51:15.006,-87,1,-93,dev,6A:DE:5C:8E:29:A3,FACBBF2A9E4F7389303E7F8F747F6019
2020-06-30 12:51:15.292,-87,1,-93,dev,6A:DE:5C:8E:29:A3,FACBBF2A9E4F7389303E7F8F747F6019
2020-06-30 12:51:15.554,-86,1,-92,dev,6A:DE:5C:8E:29:A3,FACBBF2A9E4F7389303E7F8F747F6019
2020-06-30 12:51:15.842,-86,1,-92,dev,6A:DE:5C:8E:29:A3,FACBBF2A9E4F7389303E7F8F747F6019
2020-06-30 12:51:16.128,-86,1,-92,dev,6A:DE:5C:8E:29:A3,FACBBF2A9E4F7389303E7F8F747F6019
2020-06-30 12:51:16.409,-87,1,-93,dev,6A:DE:5C:8E:29:A3,FACBBF2A9E4F7389303E7F8F747F6019
2020-06-30 12:51:16.712,-88,1,-94,dev,6A:DE:5C:8E:29:A3,FACBBF2A9E4F7389303E7F8F747F6019
2020-06-30 12:55:37.414,-88,1,-94,dev,6A:DE:5C:8E:29:A3,FACBBF2A9E4F7389303E7F8F747F6019
2020-06-30 12:55:37.703,-87,1,-93,dev,6A:DE:5C:8E:29:A3,FACBBF2A9E4F7389303E7F8F747F6019
2020-06-30 12:55:38.004,-87,1,-93,dev,6A:DE:5C:8E:29:A3,FACBBF2A9E4F7389303E7F8F747F6019
2020-06-30 12:55:38.277,-87,1,-93,dev,6A:DE:5C:8E:29:A3,FACBBF2A9E4F7389303E7F8F747F6019
2020-06-30 12:55:38.570,-87,1,-93,dev,6A:DE:5C:8E:29:A3,FACBBF2A9E4F7389303E7F8F747F6019
2020-06-30 12:55:38.852,-87,1,-93,dev,6A:DE:5C:8E:29:A3,FACBBF2A9E4F7389303E7F8F747F6019
2020-06-30 12:55:39.133,-87,1,-93,dev,6A:DE:5C:8E:29:A3,FACBBF2A9E4F7389303E7F8F747F6019
2020-06-30 12:55:39.424,-87,1,-93,dev,6A:DE:5C:8E:29:A3,FACBBF2A9E4F7389303E7F8F747F6019
2020-06-30 12:55:39.710,-87,1,-93,dev,6A:DE:5C:8E:29:A3,FACBBF2A9E4F7389303E7F8F747F6019
2020-06-30 12:55:40.284,-87,1,-93,dev,6A:DE:5C:8E:29:A3,FACBBF2A9E4F7389303E7F8F747F6019
2020-06-30 12:55:40.567,-86,1,-92,dev,6A:DE:5C:8E:29:A3,FACBBF2A9E4F7389303E7F8F747F6019
2020-06-30 13:05:46.039,-86,1,-92,dev,6B:C2:EF:18:DF:17,8C31B2476A055919C27DD632BF2F1D6C
2020-06-30 13:05:46.321,-86,1,-92,dev,6B:C2:EF:18:DF:17,8C31B2476A055919C27DD632BF2F1D6C
2020-06-30 13:05:46.610,-86,1,-92,dev,6B:C2:EF:18:DF:17,8C31B2476A055919C27DD632BF2F1D6C
2020-06-30 13:05:46.899,-86,1,-92,dev,6B:C2:EF:18:DF:17,8C31B2476A055919C27DD632BF2F1D6C
2020-06-30 13:05:47.196,-86,1,-92,dev,6B:C2:EF:18:DF:17,8C31B2476A055919C27DD632BF2F1D6C
2020-06-30 13:05:47.480,-86,1,-92,dev,6B:C2:EF:18:DF:17,8C31B2476A055919C27DD632BF2F1D6C
2020-06-30 13:05:47.772,-86,1,-92,dev,6B:C2:EF:18:DF:17,8C31B2476A055919C27DD632BF2F1D6C
2020-06-30 13:05:48.061,-86,1,-92,dev,6B:C2:EF:18:DF:17,8C31B2476A055919C27DD632BF2F1D6C
2020-06-30 13:05:48.349,-86,1,-92,dev,6B:C2:EF:18:DF:17,8C31B2476A055919C27DD632BF2F1D6C
2020-06-30 13:05:48.636,-86,1,-92,dev,6B:C2:EF:18:DF:17,8C31B2476A055919C27DD632BF2F1D6C
2020-06-30 13:05:48.915,-86,1,-92,dev,6B:C2:EF:18:DF:17,8C31B2476A055919C27DD632BF2F1D6C
2020-06-30 13:05:49.198,-86,1,-92,dev,6B:C2:EF:18:DF:17,8C31B2476A055919C27DD632BF2F1D6C
2020-06-30 13:05:49.479,-86,1,-92,dev,6B:C2:EF:18:DF:17,8C31B2476A055919C27DD632BF2F1D6C
2020-06-30 13:09:50.904,-86,1,-92,dev,6B:C2:EF:18:DF:17,8C31B2476A055919C27DD632BF2F1D6C
2020-06-30 13:09:51.192,-86,1,-92,dev,6B:C2:EF:18:DF:17,8C31B2476A055919C27DD632BF2F1D6C
2020-06-30 13:09:51.478,-86,1,-92,dev,6B:C2:EF:18:DF:17,8C31B2476A055919C27DD632BF2F1D6C
2020-06-30 13:09:51.764,-86,1,-92,dev,6B:C2:EF:18:DF:17,8C31B2476A055919C27DD632BF2F1D6C
2020-06-30 13:09:52.343,-87,1,-93,dev,6B:C2:EF:18:DF:17,8C31B2476A055919C27DD632BF2F1D6C
2020-06-30 13:09:52.625,-87,1,-93,dev,6B:C2:EF:18:DF:17,8C31B2476A055919C27DD632BF2F1D6C
2020-06-30 13:09:52.923,-86,1,-92,dev,6B:C2:EF:18:DF:17,8C31B2476A055919C27DD632BF2F1D6C
2020-06-30 13:09:53.212,-86,1,-92,dev,6B:C2:EF:18:DF:17,8C31B2476A055919C27DD632BF2F1D6C
2020-06-30 13:09:53.780,-86,1,-92,dev,6B:C2:EF:18:DF:17,8C31B2476A055919C27DD632BF2F1D6C
2020-06-30 13:09:54.062,-86,1,-92,dev,6B:C2:EF:18:DF:17,8C31B2476A055919C27DD632BF2F1D6C
2020-06-30 13:09:54.349,-86,1,-92,dev,6B:C2:EF:18:DF:17,8C31B2476A055919C27DD632BF2F1D6C
2020-06-30 13:09:54.630,-86,1,-92,dev,6B:C2:EF:18:DF:17,8C31B2476A055919C27DD632BF2F1D6C
2020-06-30 13:14:09.111,-86,1,-92,dev,47:F2:41:93:ED:AB,DEECF27F671AEB69D5B52F79C28203C1
2020-06-30 13:14:09.403,-86,1,-92,dev,47:F2:41:93:ED:AB,DEECF27F671AEB69D5B52F79C28203C1
2020-06-30 13:14:09.688,-86,1,-92,dev,47:F2:41:93:ED:AB,DEECF27F671AEB69D5B52F79C28203C1
2020-06-30 13:14:09.995,-86,1,-92,dev,47:F2:41:93:ED:AB,DEECF27F671AEB69D5B52F79C28203C1
2020-06-30 13:14:10.272,-86,1,-92,dev,47:F2:41:93:ED:AB,DEECF27F671AEB69D5B52F79C28203C1
2020-06-30 13:14:10.563,-86,1,-92,dev,47:F2:41:93:ED:AB,DEECF27F671AEB69D5B52F79C28203C1
2020-06-30 13:14:11.120,-86,1,-92,dev,47:F2:41:93:ED:AB,DEECF27F671AEB69D5B52F79C28203C1
2020-06-30 13:14:11.408,-86,1,-92,dev,47:F2:41:93:ED:AB,DEECF27F671AEB69D5B52F79C28203C1
2020-06-30 13:14:11.714,-86,1,-92,dev,47:F2:41:93:ED:AB,DEECF27F671AEB69D5B52F79C28203C1
2020-06-30 13:14:11.996,-86,1,-92,dev,47:F2:41:93:ED:AB,DEECF27F671AEB69D5B52F79C28203C1
2020-06-30 13:14:12.278,-86,1,-92,dev,47:F2:41:93:ED:AB,DEECF27F671AEB69D5B52F79C28203C1
2020-06-30 13:18:44.254,-86,1,-92,dev,47:F2:41:93:ED:AB,DEECF27F671AEB69D5B52F79C28203C1
2020-06-30 13:18:44.539,-86,1,-92,dev,47:F2:41:93:ED:AB,DEECF27F671AEB69D5B52F79C28203C1
2020-06-30 13:18:44.823,-86,1,-92,dev,47:F2:41:93:ED:AB,DEECF27F671AEB69D5B52F79C28203C1
2020-06-30 13:18:45.123,-86,1,-92,dev,47:F2:41:93:ED:AB,DEECF27F671AEB69D5B52F79C28203C1
2020-06-30 13:18:45.416,-86,1,-92,dev,47:F2:41:93:ED:AB,DEECF27F671AEB69D5B52F79C28203C1
2020-06-30 13:18:45.704,-86,1,-92,dev,47:F2:41:93:ED:AB,DEECF27F671AEB69D5B52F79C28203C1
2020-06-30 13:18:45.990,-86,1,-92,dev,47:F2:41:93:ED:AB,DEECF27F671AEB69D5B52F79C28203C1
2020-06-30 13:18:46.554,-86,1,-92,dev,47:F2:41:93:ED:AB,DEECF27F671AEB69D5B52F79C28203C1
2020-06-30 13:18:46.855,-86,1,-92,dev,47:F2:41:93:ED:AB,DEECF27F671AEB69D5B52F79C28203C1
2020-06-30 13:18:47.117,-86,1,-92,dev,47:F2:41:93:ED:AB,DEECF27F671AEB69D5B52F79C28203C1
2020-06-30 13:18:47.410,-86,1,-92,dev,47:F2:41:93:ED:AB,DEECF27F671AEB69D5B52F79C28203C1
2020-06-30 13:18:47.689,-86,1,-92,dev,47:F2:41:93:ED:AB,DEECF27F671AEB69D5B52F79C28203C1
2020-06-30 13:23:46.038,-86,1,-92,dev,47:F2:41:93:ED:AB,DEECF27F671AEB69D5B52F79C28203C1
2020-06-30 13:23:46.610,-86,1,-92,dev,47:F2:41:93:ED:AB,DEECF27F671AEB69D5B52F79C28203C1
2020-06-30 13:23:46.891,-86,1,-92,dev,47:F2:41:93:ED:AB,DEECF27F671AEB69D5B52F79C28203C1
2020-06-30 13:23:47.181,-86,1,-92,dev,47:F2:41:93:ED:AB,DEECF27F671AEB69D5B52F79C28203C1
2020-06-30 13:23:47.462,-88,1,-94,dev,47:F2:41:93:ED:AB,DEECF27F671AEB69D5B52F79C28203C1
2020-06-30 13:23:47.755,-86,1,-92,dev,47:F2:41:93:ED:AB,DEECF27F671AEB69D5B52F79C28203C1
2020-06-30 13:23:48.038,-86,1,-92,dev,47:F2:41:93:ED:AB,DEECF27F671AEB69D5B52F79C28203C1
2020-06-30 13:23:48.326,-86,1,-92,dev,47:F2:41:93:ED:AB,DEECF27F671AEB69D5B52F79C28203C1
2020-06-30 13:23:48.617,-86,1,-92,dev,47:F2:41:93:ED:AB,DEECF27F671AEB69D5B52F79C28203C1
2020-06-30 13:23:48.909,-86,1,-92,dev,47:F2:41:93:ED:AB,DEECF27F671AEB69D5B52F79C28203C1
2020-06-30 13:23:49.191,-86,1,-92,dev,47:F2:41:93:ED:AB,DEECF27F671AEB69D5B52F79C28203C1
2020-06-30 13:23:49.478,-86,1,-92,dev,47:F2:41:93:ED:AB,DEECF27F671AEB69D5B52F79C28203C1
2020-06-30 13:28:39.881,-86,1,-92,dev,5F:2F:E3:27:59:DA,DEECF27F671AEB69D5B52F79C28203C1
2020-06-30 13:28:40.161,-86,1,-92,dev,5F:2F:E3:27:59:DA,DEECF27F671AEB69D5B52F79C28203C1
2020-06-30 13:28:40.448,-87,1,-93,dev,5F:2F:E3:27:59:DA,DEECF27F671AEB69D5B52F79C28203C1
2020-06-30 13:28:40.736,-86,1,-92,dev,5F:2F:E3:27:59:DA,DEECF27F671AEB69D5B52F79C28203C1
2020-06-30 13:28:41.037,-86,1,-92,dev,5F:2F:E3:27:59:DA,DEECF27F671AEB69D5B52F79C28203C1
2020-06-30 13:28:41.326,-86,1,-92,dev,5F:2F:E3:27:59:DA,DEECF27F671AEB69D5B52F79C28203C1
2020-06-30 13:28:41.897,-86,1,-92,dev,5F:2F:E3:27:59:DA,DEECF27F671AEB69D5B52F79C28203C1
2020-06-30 13:28:42.181,-86,1,-92,dev,5F:2F:E3:27:59:DA,DEECF27F671AEB69D5B52F79C28203C1
2020-06-30 13:28:42.468,-86,1,-92,dev,5F:2F:E3:27:59:DA,DEECF27F671AEB69D5B52F79C28203C1
2020-06-30 13:28:42.751,-86,1,-92,dev,5F:2F:E3:27:59:DA,DEECF27F671AEB69D5B52F79C28203C1
2020-06-30 13:28:43.034,-86,1,-92,dev,5F:2F:E3:27:59:DA,DEECF27F671AEB69D5B52F79C28203C1
2020-06-30 13:28:43.600,-86,1,-92,dev,5F:2F:E3:27:59:DA,DEECF27F671AEB69D5B52F79C28203C1
2020-06-30 13:33:14.927,-86,1,-92,dev,5F:2F:E3:27:59:DA,DEECF27F671AEB69D5B52F79C28203C1
2020-06-30 13:33:15.218,-86,1,-92,dev,5F:2F:E3:27:59:DA,DEECF27F671AEB69D5B52F79C28203C1
2020-06-30 13:33:15.506,-86,1,-92,dev,5F:2F:E3:27:59:DA,DEECF27F671AEB69D5B52F79C28203C1
2020-06-30 13:33:15.787,-86,1,-92,dev,5F:2F:E3:27:59:DA,DEECF27F671AEB69D5B52F79C28203C1
2020-06-30 13:33:16.099,-87,1,-93,dev,5F:2F:E3:27:59:DA,DEECF27F671AEB69D5B52F79C28203C1
2020-06-30 13:33:16.369,-86,1,-92,dev,5F:2F:E3:27:59:DA,DEECF27F671AEB69D5B52F79C28203C1
2020-06-30 13:33:16.654,-86,1,-92,dev,5F:2F:E3:27:59:DA,DEECF27F671AEB69D5B52F79C28203C1
2020-06-30 13:33:16.939,-86,1,-92,dev,5F:2F:E3:27:59:DA,DEECF27F671AEB69D5B52F79C28203C1
2020-06-30 13:33:17.496,-86,1,-92,dev,5F:2F:E3:27:59:DA,DEECF27F671AEB69D5B52F79C28203C1
2020-06-30 13:33:17.785,-86,1,-92,dev,5F:2F:E3:27:59:DA,DEECF27F671AEB69D5B52F79C28203C1
2020-06-30 13:33:18.066,-86,1,-92,dev,5F:2F:E3:27:59:DA,DEECF27F671AEB69D5B52F79C28203C1
2020-06-30 13:33:18.369,-86,1,-92,dev,5F:2F:E3:27:59:DA,DEECF27F671AEB69D5B52F79C28203C1
2020-06-30 13:33:18.634,-86,1,-92,dev,5F:2F:E3:27:59:DA,DEECF27F671AEB69D5B52F79C28203C1
2020-06-30 13:38:06.030,-86,1,-92,dev,5F:2F:E3:27:59:DA,DEECF27F671AEB69D5B52F79C28203C1
2020-06-30 13:38:06.322,-86,1,-92,dev,5F:2F:E3:27:59:DA,DEECF27F671AEB69D5B52F79C28203C1
2020-06-30 13:38:06.609,-86,1,-92,dev,5F:2F:E3:27:59:DA,DEECF27F671AEB69D5B52F79C28203C1
2020-06-30 13:38:06.916,-86,1,-92,dev,5F:2F:E3:27:59:DA,DEECF27F671AEB69D5B52F79C28203C1
2020-06-30 13:38:07.183,-86,1,-92,dev,5F:2F:E3:27:59:DA,DEECF27F671AEB69D5B52F79C28203C1
2020-06-30 13:38:07.766,-86,1,-92,dev,5F:2F:E3:27:59:DA,DEECF27F671AEB69D5B52F79C28203C1
2020-06-30 13:38:08.057,-86,1,-92,dev,5F:2F:E3:27:59:DA,DEECF27F671AEB69D5B52F79C28203C1
2020-06-30 13:38:08.347,-86,1,-92,dev,5F:2F:E3:27:59:DA,DEECF27F671AEB69D5B52F79C28203C1
2020-06-30 13:38:08.632,-86,1,-92,dev,5F:2F:E3:27:59:DA,DEECF27F671AEB69D5B52F79C28203C1
2020-06-30 13:38:08.915,-86,1,-92,dev,5F:2F:E3:27:59:DA,DEECF27F671AEB69D5B52F79C28203C1
2020-06-30 13:38:09.199,-86,1,-92,dev,5F:2F:E3:27:59:DA,DEECF27F671AEB69D5B52F79C28203C1
2020-06-30 13:38:09.480,-86,1,-92,dev,5F:2F:E3:27:59:DA,DEECF27F671AEB69D5B52F79C28203C1
2020-06-30 13:42:22.303,-82,1,-88,dev,5F:2F:E3:27:59:DA,DEECF27F671AEB69D5B52F79C28203C1
2020-06-30 13:51:13.009,-86,1,-92,dev,6A:69:DB:03:C0:49,563C703AC6360FE4A4391B44E12D52BD
2020-06-30 13:51:13.298,-87,1,-93,dev,6A:69:DB:03:C0:49,563C703AC6360FE4A4391B44E12D52BD
2020-06-30 13:51:13.585,-86,1,-92,dev,6A:69:DB:03:C0:49,563C703AC6360FE4A4391B44E12D52BD
2020-06-30 13:51:13.866,-86,1,-92,dev,6A:69:DB:03:C0:49,563C703AC6360FE4A4391B44E12D52BD
2020-06-30 13:51:14.174,-87,1,-93,dev,6A:69:DB:03:C0:49,563C703AC6360FE4A4391B44E12D52BD
2020-06-30 13:51:14.453,-86,1,-92,dev,6A:69:DB:03:C0:49,563C703AC6360FE4A4391B44E12D52BD
2020-06-30 13:51:14.739,-86,1,-92,dev,6A:69:DB:03:C0:49,563C703AC6360FE4A4391B44E12D52BD
2020-06-30 13:51:15.027,-87,1,-93,dev,6A:69:DB:03:C0:49,563C703AC6360FE4A4391B44E12D52BD
2020-06-30 13:51:15.312,-87,1,-93,dev,6A:69:DB:03:C0:49,563C703AC6360FE4A4391B44E12D52BD
2020-06-30 13:51:15.599,-87,1,-93,dev,6A:69:DB:03:C0:49,563C703AC6360FE4A4391B44E12D52BD
2020-06-30 13:51:15.881,-87,1,-93,dev,6A:69:DB:03:C0:49,563C703AC6360FE4A4391B44E12D52BD
2020-06-30 13:51:16.169,-87,1,-93,dev,6A:69:DB:03:C0:49,563C703AC6360FE4A4391B44E12D52BD
2020-06-30 13:51:16.431,-87,1,-93,dev,6A:69:DB:03:C0:49,563C703AC6360FE4A4391B44E12D52BD
2020-06-30 13:51:16.734,-87,1,-93,dev,6A:69:DB:03:C0:49,563C703AC6360FE4A4391B44E12D52BD
2020-06-30 13:55:52.884,-88,1,-94,dev,6A:69:DB:03:C0:49,563C703AC6360FE4A4391B44E12D52BD
2020-06-30 13:55:53.182,-88,1,-94,dev,6A:69:DB:03:C0:49,563C703AC6360FE4A4391B44E12D52BD
2020-06-30 13:55:53.758,-88,1,-94,dev,6A:69:DB:03:C0:49,563C703AC6360FE4A4391B44E12D52BD
2020-06-30 13:55:54.051,-88,1,-94,dev,6A:69:DB:03:C0:49,563C703AC6360FE4A4391B44E12D52BD
2020-06-30 13:55:54.343,-87,1,-93,dev,6A:69:DB:03:C0:49,563C703AC6360FE4A4391B44E12D52BD
2020-06-30 13:55:54.629,-88,1,-94,dev,6A:69:DB:03:C0:49,563C703AC6360FE4A4391B44E12D52BD
2020-06-30 13:55:54.919,-88,1,-94,dev,6A:69:DB:03:C0:49,563C703AC6360FE4A4391B44E12D52BD
2020-06-30 13:55:55.209,-88,1,-94,dev,6A:69:DB:03:C0:49,563C703AC6360FE4A4391B44E12D52BD
2020-06-30 13:55:55.494,-88,1,-94,dev,6A:69:DB:03:C0:49,563C703AC6360FE4A4391B44E12D52BD
2020-06-30 13:55:55.779,-88,1,-94,dev,6A:69:DB:03:C0:49,563C703AC6360FE4A4391B44E12D52BD
2020-06-30 13:55:56.065,-88,1,-94,dev,6A:69:DB:03:C0:49,563C703AC6360FE4A4391B44E12D52BD
2020-06-30 13:55:56.351,-88,1,-94,dev,6A:69:DB:03:C0:49,563C703AC6360FE4A4391B44E12D52BD
2020-06-30 13:55:56.625,-88,1,-94,dev,6A:69:DB:03:C0:49,563C703AC6360FE4A4391B44E12D52BD
2020-06-30 14:00:23.013,-89,1,-95,dev,60:16:E6:15:38:F8,563C703AC6360FE4A4391B44E12D52BD
2020-06-30 14:00:23.302,-89,1,-95,dev,60:16:E6:15:38:F8,563C703AC6360FE4A4391B44E12D52BD
2020-06-30 14:00:23.583,-89,1,-95,dev,60:16:E6:15:38:F8,563C703AC6360FE4A4391B44E12D52BD
2020-06-30 14:00:23.861,-89,1,-95,dev,60:16:E6:15:38:F8,563C703AC6360FE4A4391B44E12D52BD
2020-06-30 14:00:24.449,-90,1,-96,dev,60:16:E6:15:38:F8,563C703AC6360FE4A4391B44E12D52BD
2020-06-30 14:00:24.741,-88,1,-94,dev,60:16:E6:15:38:F8,563C703AC6360FE4A4391B44E12D52BD
2020-06-30 14:00:25.027,-89,1,-95,dev,60:16:E6:15:38:F8,563C703AC6360FE4A4391B44E12D52BD
2020-06-30 14:00:25.311,-89,1,-95,dev,60:16:E6:15:38:F8,563C703AC6360FE4A4391B44E12D52BD
2020-06-30 14:00:25.600,-88,1,-94,dev,60:16:E6:15:38:F8,563C703AC6360FE4A4391B44E12D52BD
2020-06-30 14:00:25.880,-88,1,-94,dev,60:16:E6:15:38:F8,563C703AC6360FE4A4391B44E12D52BD
2020-06-30 14:00:26.164,-88,1,-94,dev,60:16:E6:15:38:F8,563C703AC6360FE4A4391B44E12D52BD
2020-06-30 14:00:26.454,-88,1,-94,dev,60:16:E6:15:38:F8,563C703AC6360FE4A4391B44E12D52BD
2020-06-30 14:04:07.010,-91,1,-97,dev,60:16:E6:15:38:F8,563C703AC6360FE4A4391B44E12D52BD
2020-06-30 14:04:07.574,-90,1,-96,dev,60:16:E6:15:38:F8,563C703AC6360FE4A4391B44E12D52BD
2020-06-30 14:04:07.847,-90,1,-96,dev,60:16:E6:15:38:F8,563C703AC6360FE4A4391B44E12D52BD
2020-06-30 14:04:08.155,-90,1,-96,dev,60:16:E6:15:38:F8,563C703AC6360FE4A4391B44E12D52BD
2020-06-30 14:04:08.436,-90,1,-96,dev,60:16:E6:15:38:F8,563C703AC6360FE4A4391B44E12D52BD
2020-06-30 14:04:08.718,-90,1,-96,dev,60:16:E6:15:38:F8,563C703AC6360FE4A4391B44E12D52BD
2020-06-30 14:04:09.006,-91,1,-97,dev,60:16:E6:15:38:F8,563C703AC6360FE4A4391B44E12D52BD
2020-06-30 14:04:09.868,-91,1,-97,dev,60:16:E6:15:38:F8,563C703AC6360FE4A4391B44E12D52BD
2020-06-30 14:04:10.134,-91,1,-97,dev,60:16:E6:15:38:F8,563C703AC6360FE4A4391B44E12D52BD
2020-06-30 14:04:10.438,-91,1,-97,dev,60:16:E6:15:38:F8,563C703AC6360FE4A4391B44E12D52BD
2020-06-30 14:08:00.023,-86,1,-92,dev,60:16:E6:15:38:F8,563C703AC6360FE4A4391B44E12D52BD
2020-06-30 14:08:00.316,-86,1,-92,dev,60:16:E6:15:38:F8,563C703AC6360FE4A4391B44E12D52BD
2020-06-30 14:08:00.599,-86,1,-92,dev,60:16:E6:15:38:F8,563C703AC6360FE4A4391B44E12D52BD
2020-06-30 14:08:00.887,-86,1,-92,dev,60:16:E6:15:38:F8,563C703AC6360FE4A4391B44E12D52BD
2020-06-30 14:08:01.187,-86,1,-92,dev,60:16:E6:15:38:F8,563C703AC6360FE4A4391B44E12D52BD
2020-06-30 14:08:01.478,-86,1,-92,dev,60:16:E6:15:38:F8,563C703AC6360FE4A4391B44E12D52BD
2020-06-30 14:08:01.764,-86,1,-92,dev,60:16:E6:15:38:F8,563C703AC6360FE4A4391B44E12D52BD
2020-06-30 14:08:02.340,-86,1,-92,dev,60:16:E6:15:38:F8,563C703AC6360FE4A4391B44E12D52BD
2020-06-30 14:08:02.609,-86,1,-92,dev,60:16:E6:15:38:F8,563C703AC6360FE4A4391B44E12D52BD
2020-06-30 14:08:03.191,-86,1,-92,dev,60:16:E6:15:38:F8,563C703AC6360FE4A4391B44E12D52BD
2020-06-30 14:08:03.470,-86,1,-92,dev,60:16:E6:15:38:F8,563C703AC6360FE4A4391B44E12D52BD
2020-06-30 14:11:52.847,-86,1,-92,dev,60:16:E6:15:38:F8,563C703AC6360FE4A4391B44E12D52BD
2020-06-30 14:11:53.118,-86,1,-92,dev,60:16:E6:15:38:F8,563C703AC6360FE4A4391B44E12D52BD
2020-06-30 14:11:53.408,-86,1,-92,dev,60:16:E6:15:38:F8,563C703AC6360FE4A4391B44E12D52BD
2020-06-30 14:11:53.696,-86,1,-92,dev,60:16:E6:15:38:F8,563C703AC6360FE4A4391B44E12D52BD
2020-06-30 14:11:53.991,-86,1,-92,dev,60:16:E6:15:38:F8,563C703AC6360FE4A4391B44E12D52BD
2020-06-30 14:11:54.288,-86,1,-92,dev,60:16:E6:15:38:F8,563C703AC6360FE4A4391B44E12D52BD
2020-06-30 14:11:54.567,-86,1,-92,dev,60:16:E6:15:38:F8,563C703AC6360FE4A4391B44E12D52BD
2020-06-30 14:11:54.849,-86,1,-92,dev,60:16:E6:15:38:F8,563C703AC6360FE4A4391B44E12D52BD
2020-06-30 14:11:55.117,-86,1,-92,dev,60:16:E6:15:38:F8,563C703AC6360FE4A4391B44E12D52BD
2020-06-30 14:11:55.416,-86,1,-92,dev,60:16:E6:15:38:F8,563C703AC6360FE4A4391B44E12D52BD
2020-06-30 14:11:55.703,-86,1,-92,dev,60:16:E6:15:38:F8,563C703AC6360FE4A4391B44E12D52BD
2020-06-30 14:11:55.992,-86,1,-92,dev,60:16:E6:15:38:F8,563C703AC6360FE4A4391B44E12D52BD
2020-06-30 14:11:56.266,-86,1,-92,dev,60:16:E6:15:38:F8,563C703AC6360FE4A4391B44E12D52BD
2020-06-30 14:11:56.545,-86,1,-92,dev,60:16:E6:15:38:F8,563C703AC6360FE4A4391B44E12D52BD
2020-06-30 14:16:25.972,-88,1,-94,dev,50:AF:A8:35:38:3C,563C703AC6360FE4A4391B44E12D52BD
2020-06-30 14:16:26.255,-89,1,-95,dev,50:AF:A8:35:38:3C,563C703AC6360FE4A4391B44E12D52BD
2020-06-30 14:16:26.545,-86,1,-92,dev,50:AF:A8:35:38:3C,563C703AC6360FE4A4391B44E12D52BD
2020-06-30 14:16:26.832,-88,1,-94,dev,50:AF:A8:35:38:3C,563C703AC6360FE4A4391B44E12D52BD
2020-06-30 14:16:27.138,-91,1,-97,dev,50:AF:A8:35:38:3C,563C703AC6360FE4A4391B44E12D52BD
2020-06-30 14:16:27.435,-89,1,-95,dev,50:AF:A8:35:38:3C,563C703AC6360FE4A4391B44E12D52BD
2020-06-30 14:16:27.730,-87,1,-93,dev,50:AF:A8:35:38:3C,563C703AC6360FE4A4391B44E12D52BD
2020-06-30 14:16:28.289,-86,1,-92,dev,50:AF:A8:35:38:3C,563C703AC6360FE4A4391B44E12D52BD
2020-06-30 14:16:28.570,-86,1,-92,dev,50:AF:A8:35:38:3C,563C703AC6360FE4A4391B44E12D52BD
2020-06-30 14:16:28.858,-86,1,-92,dev,50:AF:A8:35:38:3C,563C703AC6360FE4A4391B44E12D52BD
2020-06-30 14:16:29.423,-87,1,-93,dev,50:AF:A8:35:38:3C,563C703AC6360FE4A4391B44E12D52BD
2020-06-30 14:16:29.698,-86,1,-92,dev,50:AF:A8:35:38:3C,563C703AC6360FE4A4391B44E12D52BD
2020-06-30 14:21:11.030,-86,1,-92,dev,50:AF:A8:35:38:3C,563C703AC6360FE4A4391B44E12D52BD
2020-06-30 14:21:11.318,-86,1,-92,dev,50:AF:A8:35:38:3C,563C703AC6360FE4A4391B44E12D52BD
2020-06-30 14:21:11.601,-86,1,-92,dev,50:AF:A8:35:38:3C,563C703AC6360FE4A4391B44E12D52BD
2020-06-30 14:21:11.905,-87,1,-93,dev,50:AF:A8:35:38:3C,563C703AC6360FE4A4391B44E12D52BD
2020-06-30 14:21:12.184,-86,1,-92,dev,50:AF:A8:35:38:3C,563C703AC6360FE4A4391B44E12D52BD
2020-06-30 14:21:12.754,-86,1,-92,dev,50:AF:A8:35:38:3C,563C703AC6360FE4A4391B44E12D52BD
2020-06-30 14:21:13.039,-86,1,-92,dev,50:AF:A8:35:38:3C,563C703AC6360FE4A4391B44E12D52BD
2020-06-30 14:21:13.319,-87,1,-93,dev,50:AF:A8:35:38:3C,563C703AC6360FE4A4391B44E12D52BD
2020-06-30 14:21:13.606,-86,1,-92,dev,50:AF:A8:35:38:3C,563C703AC6360FE4A4391B44E12D52BD
2020-06-30 14:21:13.898,-87,1,-93,dev,50:AF:A8:35:38:3C,563C703AC6360FE4A4391B44E12D52BD
2020-06-30 14:21:14.186,-86,1,-92,dev,50:AF:A8:35:38:3C,563C703AC6360FE4A4391B44E12D52BD
2020-06-30 14:21:14.475,-86,1,-92,dev,50:AF:A8:35:38:3C,563C703AC6360FE4A4391B44E12D52BD
2020-06-30 14:24:54.929,-86,1,-92,dev,50:AF:A8:35:38:3C,563C703AC6360FE4A4391B44E12D52BD
2020-06-30 14:24:55.226,-87,1,-93,dev,50:AF:A8:35:38:3C,563C703AC6360FE4A4391B44E12D52BD
2020-06-30 14:24:55.515,-86,1,-92,dev,50:AF:A8:35:38:3C,563C703AC6360FE4A4391B44E12D52BD
2020-06-30 14:24:55.792,-87,1,-93,dev,50:AF:A8:35:38:3C,563C703AC6360FE4A4391B44E12D52BD
2020-06-30 14:24:56.102,-87,1,-93,dev,50:AF:A8:35:38:3C,563C703AC6360FE4A4391B44E12D52BD
2020-06-30 14:24:56.390,-87,1,-93,dev,50:AF:A8:35:38:3C,563C703AC6360FE4A4391B44E12D52BD
2020-06-30 14:24:56.673,-87,1,-93,dev,50:AF:A8:35:38:3C,563C703AC6360FE4A4391B44E12D52BD
2020-06-30 14:24:56.958,-86,1,-92,dev,50:AF:A8:35:38:3C,563C703AC6360FE4A4391B44E12D52BD
2020-06-30 14:24:57.243,-87,1,-93,dev,50:AF:A8:35:38:3C,563C703AC6360FE4A4391B44E12D52BD
2020-06-30 14:24:57.528,-88,1,-94,dev,50:AF:A8:35:38:3C,563C703AC6360FE4A4391B44E12D52BD
2020-06-30 14:24:57.809,-87,1,-93,dev,50:AF:A8:35:38:3C,563C703AC6360FE4A4391B44E12D52BD
2020-06-30 14:24:58.096,-87,1,-93,dev,50:AF:A8:35:38:3C,563C703AC6360FE4A4391B44E12D52BD
2020-06-30 14:24:58.386,-87,1,-93,dev,50:AF:A8:35:38:3C,563C703AC6360FE4A4391B44E12D52BD
2020-06-30 14:24:58.674,-86,1,-92,dev,50:AF:A8:35:38:3C,563C703AC6360FE4A4391B44E12D52BD
2020-06-30 14:28:47.731,-86,1,-92,dev,6A:9D:DA:CD:86:BB,563C703AC6360FE4A4391B44E12D52BD
2020-06-30 14:28:48.315,-85,1,-91,dev,6A:9D:DA:CD:86:BB,563C703AC6360FE4A4391B44E12D52BD
2020-06-30 14:28:48.605,-86,1,-92,dev,6A:9D:DA:CD:86:BB,563C703AC6360FE4A4391B44E12D52BD
2020-06-30 14:28:48.886,-86,1,-92,dev,6A:9D:DA:CD:86:BB,563C703AC6360FE4A4391B44E12D52BD
2020-06-30 14:28:49.188,-86,1,-92,dev,6A:9D:DA:CD:86:BB,563C703AC6360FE4A4391B44E12D52BD
2020-06-30 14:28:49.469,-86,1,-92,dev,6A:9D:DA:CD:86:BB,563C703AC6360FE4A4391B44E12D52BD
2020-06-30 14:28:49.754,-85,1,-91,dev,6A:9D:DA:CD:86:BB,563C703AC6360FE4A4391B44E12D52BD
2020-06-30 14:28:50.036,-85,1,-91,dev,6A:9D:DA:CD:86:BB,563C703AC6360FE4A4391B44E12D52BD
2020-06-30 14:28:50.317,-85,1,-91,dev,6A:9D:DA:CD:86:BB,563C703AC6360FE4A4391B44E12D52BD
2020-06-30 14:28:50.587,-85,1,-91,dev,6A:9D:DA:CD:86:BB,563C703AC6360FE4A4391B44E12D52BD
2020-06-30 14:28:50.889,-85,1,-91,dev,6A:9D:DA:CD:86:BB,563C703AC6360FE4A4391B44E12D52BD
2020-06-30 14:28:51.170,-85,1,-91,dev,6A:9D:DA:CD:86:BB,563C703AC6360FE4A4391B44E12D52BD
2020-06-30 14:28:51.463,-86,1,-92,dev,6A:9D:DA:CD:86:BB,563C703AC6360FE4A4391B44E12D52BD
2020-06-30 14:33:11.985,-86,1,-92,dev,6A:9D:DA:CD:86:BB,563C703AC6360FE4A4391B44E12D52BD
2020-06-30 14:33:12.259,-86,1,-92,dev,6A:9D:DA:CD:86:BB,563C703AC6360FE4A4391B44E12D52BD
2020-06-30 14:33:12.552,-87,1,-93,dev,6A:9D:DA:CD:86:BB,563C703AC6360FE4A4391B44E12D52BD
2020-06-30 14:33:12.835,-86,1,-92,dev,6A:9D:DA:CD:86:BB,563C703AC6360FE4A4391B44E12D52BD
2020-06-30 14:33:13.139,-86,1,-92,dev,6A:9D:DA:CD:86:BB,563C703AC6360FE4A4391B44E12D52BD
2020-06-30 14:33:13.425,-86,1,-92,dev,6A:9D:DA:CD:86:BB,563C703AC6360FE4A4391B44E12D52BD
2020-06-30 14:33:13.709,-86,1,-92,dev,6A:9D:DA:CD:86:BB,563C703AC6360FE4A4391B44E12D52BD
2020-06-30 14:33:14.279,-86,1,-92,dev,6A:9D:DA:CD:86:BB,563C703AC6360FE4A4391B44E12D52BD
2020-06-30 14:33:14.572,-86,1,-92,dev,6A:9D:DA:CD:86:BB,563C703AC6360FE4A4391B44E12D52BD
2020-06-30 14:33:14.848,-86,1,-92,dev,6A:9D:DA:CD:86:BB,563C703AC6360FE4A4391B44E12D52BD
2020-06-30 14:33:15.118,-86,1,-92,dev,6A:9D:DA:CD:86:BB,563C703AC6360FE4A4391B44E12D52BD
2020-06-30 14:33:15.419,-86,1,-92,dev,6A:9D:DA:CD:86:BB,563C703AC6360FE4A4391B44E12D52BD
2020-06-30 14:33:15.698,-87,1,-93,dev,6A:9D:DA:CD:86:BB,563C703AC6360FE4A4391B44E12D52BD
2020-06-30 14:37:01.613,-86,1,-92,dev,6A:9D:DA:CD:86:BB,563C703AC6360FE4A4391B44E12D52BD
2020-06-30 14:37:02.197,-87,1,-93,dev,6A:9D:DA:CD:86:BB,563C703AC6360FE4A4391B44E12D52BD
2020-06-30 14:37:02.486,-86,1,-92,dev,6A:9D:DA:CD:86:BB,563C703AC6360FE4A4391B44E12D52BD
2020-06-30 14:37:02.771,-86,1,-92,dev,6A:9D:DA:CD:86:BB,563C703AC6360FE4A4391B44E12D52BD
2020-06-30 14:37:03.069,-86,1,-92,dev,6A:9D:DA:CD:86:BB,563C703AC6360FE4A4391B44E12D52BD
2020-06-30 14:37:03.357,-87,1,-93,dev,6A:9D:DA:CD:86:BB,563C703AC6360FE4A4391B44E12D52BD
2020-06-30 14:37:03.637,-86,1,-92,dev,6A:9D:DA:CD:86:BB,563C703AC6360FE4A4391B44E12D52BD
2020-06-30 14:37:03.932,-86,1,-92,dev,6A:9D:DA:CD:86:BB,563C703AC6360FE4A4391B44E12D52BD
2020-06-30 14:37:04.496,-86,1,-92,dev,6A:9D:DA:CD:86:BB,563C703AC6360FE4A4391B44E12D52BD
2020-06-30 14:37:04.789,-87,1,-93,dev,6A:9D:DA:CD:86:BB,563C703AC6360FE4A4391B44E12D52BD
2020-06-30 14:37:05.067,-86,1,-92,dev,6A:9D:DA:CD:86:BB,563C703AC6360FE4A4391B44E12D52BD
2020-06-30 14:37:05.367,-86,1,-92,dev,6A:9D:DA:CD:86:BB,563C703AC6360FE4A4391B44E12D52BD
2020-06-30 14:41:21.988,-86,1,-92,dev,6A:9D:DA:CD:86:BB,563C703AC6360FE4A4391B44E12D52BD
2020-06-30 14:41:22.272,-86,1,-92,dev,6A:9D:DA:CD:86:BB,563C703AC6360FE4A4391B44E12D52BD
2020-06-30 14:41:22.559,-86,1,-92,dev,6A:9D:DA:CD:86:BB,563C703AC6360FE4A4391B44E12D52BD
2020-06-30 14:41:22.858,-86,1,-92,dev,6A:9D:DA:CD:86:BB,563C703AC6360FE4A4391B44E12D52BD
2020-06-30 14:41:23.150,-87,1,-93,dev,6A:9D:DA:CD:86:BB,563C703AC6360FE4A4391B44E12D52BD
2020-06-30 14:41:23.723,-86,1,-92,dev,6A:9D:DA:CD:86:BB,563C703AC6360FE4A4391B44E12D52BD
2020-06-30 14:41:24.004,-86,1,-92,dev,6A:9D:DA:CD:86:BB,563C703AC6360FE4A4391B44E12D52BD
2020-06-30 14:41:24.285,-86,1,-92,dev,6A:9D:DA:CD:86:BB,563C703AC6360FE4A4391B44E12D52BD
2020-06-30 14:41:25.145,-87,1,-93,dev,6A:9D:DA:CD:86:BB,563C703AC6360FE4A4391B44E12D52BD
2020-06-30 14:41:25.430,-86,1,-92,dev,6A:9D:DA:CD:86:BB,563C703AC6360FE4A4391B44E12D52BD
2020-06-30 14:45:16.742,-86,1,-92,dev,60:EA:F6:E3:A7:72,563C703AC6360FE4A4391B44E12D52BD
2020-06-30 14:45:17.030,-87,1,-93,dev,60:EA:F6:E3:A7:72,563C703AC6360FE4A4391B44E12D52BD
2020-06-30 14:45:17.321,-87,1,-93,dev,60:EA:F6:E3:A7:72,563C703AC6360FE4A4391B44E12D52BD
2020-06-30 14:45:17.606,-87,1,-93,dev,60:EA:F6:E3:A7:72,563C703AC6360FE4A4391B44E12D52BD
2020-06-30 14:45:17.908,-86,1,-92,dev,60:EA:F6:E3:A7:72,563C703AC6360FE4A4391B44E12D52BD
2020-06-30 14:45:18.192,-86,1,-92,dev,60:EA:F6:E3:A7:72,563C703AC6360FE4A4391B44E12D52BD
2020-06-30 14:45:18.478,-87,1,-93,dev,60:EA:F6:E3:A7:72,563C703AC6360FE4A4391B44E12D52BD
2020-06-30 14:45:18.773,-86,1,-92,dev,60:EA:F6:E3:A7:72,563C703AC6360FE4A4391B44E12D52BD
2020-06-30 14:45:19.060,-87,1,-93,dev,60:EA:F6:E3:A7:72,563C703AC6360FE4A4391B44E12D52BD
2020-06-30 14:45:19.610,-86,1,-92,dev,60:EA:F6:E3:A7:72,563C703AC6360FE4A4391B44E12D52BD
2020-06-30 14:45:19.895,-86,1,-92,dev,60:EA:F6:E3:A7:72,563C703AC6360FE4A4391B44E12D52BD
2020-06-30 14:45:20.180,-86,1,-92,dev,60:EA:F6:E3:A7:72,563C703AC6360FE4A4391B44E12D52BD
2020-06-30 14:45:20.473,-86,1,-92,dev,60:EA:F6:E3:A7:72,563C703AC6360FE4A4391B44E12D52BD
2020-06-30 14:49:19.869,-86,1,-92,dev,60:EA:F6:E3:A7:72,563C703AC6360FE4A4391B44E12D52BD
2020-06-30 14:49:20.158,-86,1,-92,dev,60:EA:F6:E3:A7:72,563C703AC6360FE4A4391B44E12D52BD
2020-06-30 14:49:20.435,-86,1,-92,dev,60:EA:F6:E3:A7:72,563C703AC6360FE4A4391B44E12D52BD
2020-06-30 14:49:20.734,-87,1,-93,dev,60:EA:F6:E3:A7:72,563C703AC6360FE4A4391B44E12D52BD
2020-06-30 14:49:21.037,-87,1,-93,dev,60:EA:F6:E3:A7:72,563C703AC6360FE4A4391B44E12D52BD
2020-06-30 14:49:21.614,-87,1,-93,dev,60:EA:F6:E3:A7:72,563C703AC6360FE4A4391B44E12D52BD
2020-06-30 14:49:21.894,-86,1,-92,dev,60:EA:F6:E3:A7:72,563C703AC6360FE4A4391B44E12D52BD
2020-06-30 14:49:22.174,-86,1,-92,dev,60:EA:F6:E3:A7:72,563C703AC6360FE4A4391B44E12D52BD
2020-06-30 14:49:22.462,-87,1,-93,dev,60:EA:F6:E3:A7:72,563C703AC6360FE4A4391B44E12D52BD
2020-06-30 14:49:22.743,-87,1,-93,dev,60:EA:F6:E3:A7:72,563C703AC6360FE4A4391B44E12D52BD
2020-06-30 14:49:23.318,-86,1,-92,dev,60:EA:F6:E3:A7:72,563C703AC6360FE4A4391B44E12D52BD
2020-06-30 14:49:23.605,-87,1,-93,dev,60:EA:F6:E3:A7:72,563C703AC6360FE4A4391B44E12D52BD
