2020-06-26 15:03:26.582,-54,1,-60,dev,4F:D2:4D:73:D9:99,9BE326D4C705AC6F0593DCF9C79FCC36
2020-06-26 15:03:26.605,-60,1,-66,dev,64:1C:F3:B4:9D:87,4B39F98ABF5A23B5F4CD1155C4C271BC
2020-06-26 15:03:26.837,-54,1,-60,dev,4F:D2:4D:73:D9:99,9BE326D4C705AC6F0593DCF9C79FCC36
2020-06-26 15:03:27.103,-53,1,-59,dev,4F:D2:4D:73:D9:99,9BE326D4C705AC6F0593DCF9C79FCC36
2020-06-26 15:03:27.126,-58,1,-64,dev,64:1C:F3:B4:9D:87,4B39F98ABF5A23B5F4CD1155C4C271BC
2020-06-26 15:03:27.366,-53,1,-59,dev,4F:D2:4D:73:D9:99,9BE326D4C705AC6F0593DCF9C79FCC36
2020-06-26 15:03:27.390,-58,1,-64,dev,64:1C:F3:B4:9D:87,4B39F98ABF5A23B5F4CD1155C4C271BC
2020-06-26 15:03:27.622,-53,1,-59,dev,4F:D2:4D:73:D9:99,9BE326D4C705AC6F0593DCF9C79FCC36
2020-06-26 15:03:27.649,-57,1,-63,dev,64:1C:F3:B4:9D:87,4B39F98ABF5A23B5F4CD1155C4C271BC
2020-06-26 15:03:27.890,-53,1,-59,dev,4F:D2:4D:73:D9:99,9BE326D4C705AC6F0593DCF9C79FCC36
2020-06-26 15:03:28.165,-57,1,-63,dev,64:1C:F3:B4:9D:87,4B39F98ABF5A23B5F4CD1155C4C271BC
2020-06-26 15:03:28.406,-53,1,-59,dev,4F:D2:4D:73:D9:99,9BE326D4C705AC6F0593DCF9C79FCC36
2020-06-26 15:03:28.430,-57,1,-63,dev,64:1C:F3:B4:9D:87,4B39F98ABF5A23B5F4CD1155C4C271BC
2020-06-26 15:03:28.684,-57,1,-63,dev,64:1C:F3:B4:9D:87,4B39F98ABF5A23B5F4CD1155C4C271BC
2020-06-26 15:03:28.925,-52,1,-58,dev,4F:D2:4D:73:D9:99,9BE326D4C705AC6F0593DCF9C79FCC36
2020-06-26 15:03:28.943,-57,1,-63,dev,64:1C:F3:B4:9D:87,4B39F98ABF5A23B5F4CD1155C4C271BC
2020-06-26 15:03:29.182,-52,1,-58,dev,4F:D2:4D:73:D9:99,9BE326D4C705AC6F0593DCF9C79FCC36
2020-06-26 15:03:29.208,-58,1,-64,dev,64:1C:F3:B4:9D:87,4B39F98ABF5A23B5F4CD1155C4C271BC
2020-06-26 15:03:29.438,-49,1,-55,dev,4F:D2:4D:73:D9:99,9BE326D4C705AC6F0593DCF9C79FCC36
2020-06-26 15:03:29.695,-50,1,-56,dev,4F:D2:4D:73:D9:99,9BE326D4C705AC6F0593DCF9C79FCC36
2020-06-26 15:03:29.726,-55,1,-61,dev,64:1C:F3:B4:9D:87,4B39F98ABF5A23B5F4CD1155C4C271BC
2020-06-26 15:03:29.960,-47,1,-53,dev,4F:D2:4D:73:D9:99,9BE326D4C705AC6F0593DCF9C79FCC36
2020-06-26 15:03:29.992,-56,1,-62,dev,64:1C:F3:B4:9D:87,4B39F98ABF5A23B5F4CD1155C4C271BC
2020-06-26 15:03:30.215,-47,1,-53,dev,4F:D2:4D:73:D9:99,9BE326D4C705AC6F0593DCF9C79FCC36
2020-06-26 15:03:30.249,-55,1,-61,dev,64:1C:F3:B4:9D:87,4B39F98ABF5A23B5F4CD1155C4C271BC
2020-06-26 15:03:30.479,-47,1,-53,dev,4F:D2:4D:73:D9:99,9BE326D4C705AC6F0593DCF9C79FCC36
2020-06-26 15:07:08.318,-68,1,-74,dev,6F:A6:6A:04:20:92,A93ABE2E22EAFC0C74323399E54DB438
2020-06-26 15:07:08.384,-72,1,-78,dev,70:D0:16:D3:FB:32,4B39F98ABF5A23B5F4CD1155C4C271BC
2020-06-26 15:07:08.596,-67,1,-73,dev,6F:A6:6A:04:20:92,A93ABE2E22EAFC0C74323399E54DB438
2020-06-26 15:07:08.653,-72,1,-78,dev,70:D0:16:D3:FB:32,4B39F98ABF5A23B5F4CD1155C4C271BC
2020-06-26 15:07:08.868,-67,1,-73,dev,6F:A6:6A:04:20:92,A93ABE2E22EAFC0C74323399E54DB438
2020-06-26 15:07:09.118,-67,1,-73,dev,6F:A6:6A:04:20:92,A93ABE2E22EAFC0C74323399E54DB438
2020-06-26 15:07:09.172,-72,1,-78,dev,70:D0:16:D3:FB:32,4B39F98ABF5A23B5F4CD1155C4C271BC
2020-06-26 15:07:09.385,-68,1,-74,dev,6F:A6:6A:04:20:92,A93ABE2E22EAFC0C74323399E54DB438
2020-06-26 15:07:09.433,-72,1,-78,dev,70:D0:16:D3:FB:32,4B39F98ABF5A23B5F4CD1155C4C271BC
2020-06-26 15:07:09.650,-60,1,-66,dev,6F:A6:6A:04:20:92,A93ABE2E22EAFC0C74323399E54DB438
2020-06-26 15:07:09.685,-80,1,-86,dev,70:D0:16:D3:FB:32,4B39F98ABF5A23B5F4CD1155C4C271BC
2020-06-26 15:07:09.911,-60,1,-66,dev,6F:A6:6A:04:20:92,A93ABE2E22EAFC0C74323399E54DB438
2020-06-26 15:07:09.948,-79,1,-85,dev,70:D0:16:D3:FB:32,4B39F98ABF5A23B5F4CD1155C4C271BC
2020-06-26 15:07:10.170,-60,1,-66,dev,6F:A6:6A:04:20:92,A93ABE2E22EAFC0C74323399E54DB438
2020-06-26 15:07:10.221,-79,1,-85,dev,70:D0:16:D3:FB:32,4B39F98ABF5A23B5F4CD1155C4C271BC
2020-06-26 15:07:10.429,-60,1,-66,dev,6F:A6:6A:04:20:92,A93ABE2E22EAFC0C74323399E54DB438
2020-06-26 15:07:10.487,-80,1,-86,dev,70:D0:16:D3:FB:32,4B39F98ABF5A23B5F4CD1155C4C271BC
2020-06-26 15:07:10.690,-60,1,-66,dev,6F:A6:6A:04:20:92,A93ABE2E22EAFC0C74323399E54DB438
2020-06-26 15:07:10.744,-79,1,-85,dev,70:D0:16:D3:FB:32,4B39F98ABF5A23B5F4CD1155C4C271BC
2020-06-26 15:07:10.951,-60,1,-66,dev,6F:A6:6A:04:20:92,A93ABE2E22EAFC0C74323399E54DB438
2020-06-26 15:07:10.999,-68,1,-74,dev,70:D0:16:D3:FB:32,4B39F98ABF5A23B5F4CD1155C4C271BC
2020-06-26 15:07:11.221,-55,1,-61,dev,6F:A6:6A:04:20:92,A93ABE2E22EAFC0C74323399E54DB438
2020-06-26 15:07:11.275,-68,1,-74,dev,70:D0:16:D3:FB:32,4B39F98ABF5A23B5F4CD1155C4C271BC
2020-06-26 15:07:11.734,-55,1,-61,dev,6F:A6:6A:04:20:92,A93ABE2E22EAFC0C74323399E54DB438
2020-06-26 15:07:11.801,-68,1,-74,dev,70:D0:16:D3:FB:32,4B39F98ABF5A23B5F4CD1155C4C271BC
2020-06-26 15:07:12.004,-55,1,-61,dev,6F:A6:6A:04:20:92,A93ABE2E22EAFC0C74323399E54DB438
2020-06-26 15:11:47.407,-71,1,-77,dev,70:D0:16:D3:FB:32,4B39F98ABF5A23B5F4CD1155C4C271BC
2020-06-26 15:11:47.411,-67,1,-73,dev,6F:A6:6A:04:20:92,A93ABE2E22EAFC0C74323399E54DB438
2020-06-26 15:11:47.940,-67,1,-73,dev,6F:A6:6A:04:20:92,A93ABE2E22EAFC0C74323399E54DB438
2020-06-26 15:11:48.213,-71,1,-77,dev,70:D0:16:D3:FB:32,4B39F98ABF5A23B5F4CD1155C4C271BC
2020-06-26 15:11:48.222,-68,1,-74,dev,6F:A6:6A:04:20:92,A93ABE2E22EAFC0C74323399E54DB438
2020-06-26 15:11:48.482,-71,1,-77,dev,70:D0:16:D3:FB:32,4B39F98ABF5A23B5F4CD1155C4C271BC
2020-06-26 15:11:48.490,-67,1,-73,dev,6F:A6:6A:04:20:92,A93ABE2E22EAFC0C74323399E54DB438
2020-06-26 15:11:49.005,-78,1,-84,dev,70:D0:16:D3:FB:32,4B39F98ABF5A23B5F4CD1155C4C271BC
2020-06-26 15:11:49.012,-60,1,-66,dev,6F:A6:6A:04:20:92,A93ABE2E22EAFC0C74323399E54DB438
2020-06-26 15:11:49.277,-60,1,-66,dev,6F:A6:6A:04:20:92,A93ABE2E22EAFC0C74323399E54DB438
2020-06-26 15:11:49.531,-60,1,-66,dev,6F:A6:6A:04:20:92,A93ABE2E22EAFC0C74323399E54DB438
2020-06-26 15:11:49.538,-78,1,-84,dev,70:D0:16:D3:FB:32,4B39F98ABF5A23B5F4CD1155C4C271BC
2020-06-26 15:11:49.793,-60,1,-66,dev,6F:A6:6A:04:20:92,A93ABE2E22EAFC0C74323399E54DB438
2020-06-26 15:11:50.060,-67,1,-73,dev,70:D0:16:D3:FB:32,4B39F98ABF5A23B5F4CD1155C4C271BC
2020-06-26 15:11:50.314,-55,1,-61,dev,6F:A6:6A:04:20:92,A93ABE2E22EAFC0C74323399E54DB438
2020-06-26 15:11:50.321,-67,1,-73,dev,70:D0:16:D3:FB:32,4B39F98ABF5A23B5F4CD1155C4C271BC
2020-06-26 15:11:50.573,-55,1,-61,dev,6F:A6:6A:04:20:92,A93ABE2E22EAFC0C74323399E54DB438
2020-06-26 15:11:50.578,-67,1,-73,dev,70:D0:16:D3:FB:32,4B39F98ABF5A23B5F4CD1155C4C271BC
2020-06-26 15:11:51.086,-55,1,-61,dev,6F:A6:6A:04:20:92,A93ABE2E22EAFC0C74323399E54DB438
2020-06-26 15:11:51.093,-67,1,-73,dev,70:D0:16:D3:FB:32,4B39F98ABF5A23B5F4CD1155C4C271BC
2020-06-26 15:15:48.303,-68,1,-74,dev,6F:A6:6A:04:20:92,538AB6DECA7005B3D3244103631F524F
2020-06-26 15:15:48.398,-72,1,-78,dev,51:E6:4E:14:47:26,F43B9A8FB73D38A4ADB9BCF6D03E2B6B
2020-06-26 15:15:48.562,-67,1,-73,dev,6F:A6:6A:04:20:92,538AB6DECA7005B3D3244103631F524F
2020-06-26 15:15:48.671,-72,1,-78,dev,51:E6:4E:14:47:26,F43B9A8FB73D38A4ADB9BCF6D03E2B6B
2020-06-26 15:15:48.827,-68,1,-74,dev,6F:A6:6A:04:20:92,538AB6DECA7005B3D3244103631F524F
2020-06-26 15:15:48.943,-72,1,-78,dev,51:E6:4E:14:47:26,F43B9A8FB73D38A4ADB9BCF6D03E2B6B
2020-06-26 15:15:49.198,-72,1,-78,dev,51:E6:4E:14:47:26,F43B9A8FB73D38A4ADB9BCF6D03E2B6B
2020-06-26 15:15:49.342,-67,1,-73,dev,6F:A6:6A:04:20:92,538AB6DECA7005B3D3244103631F524F
2020-06-26 15:15:49.469,-72,1,-78,dev,51:E6:4E:14:47:26,F43B9A8FB73D38A4ADB9BCF6D03E2B6B
2020-06-26 15:15:49.602,-60,1,-66,dev,6F:A6:6A:04:20:92,538AB6DECA7005B3D3244103631F524F
2020-06-26 15:15:49.736,-74,1,-80,dev,51:E6:4E:14:47:26,F43B9A8FB73D38A4ADB9BCF6D03E2B6B
2020-06-26 15:15:49.872,-60,1,-66,dev,6F:A6:6A:04:20:92,538AB6DECA7005B3D3244103631F524F
2020-06-26 15:15:49.982,-73,1,-79,dev,51:E6:4E:14:47:26,F43B9A8FB73D38A4ADB9BCF6D03E2B6B
2020-06-26 15:15:50.134,-60,1,-66,dev,6F:A6:6A:04:20:92,538AB6DECA7005B3D3244103631F524F
2020-06-26 15:15:50.251,-73,1,-79,dev,51:E6:4E:14:47:26,F43B9A8FB73D38A4ADB9BCF6D03E2B6B
2020-06-26 15:15:50.386,-60,1,-66,dev,6F:A6:6A:04:20:92,538AB6DECA7005B3D3244103631F524F
2020-06-26 15:15:50.511,-73,1,-79,dev,51:E6:4E:14:47:26,F43B9A8FB73D38A4ADB9BCF6D03E2B6B
2020-06-26 15:15:50.646,-60,1,-66,dev,6F:A6:6A:04:20:92,538AB6DECA7005B3D3244103631F524F
2020-06-26 15:15:50.771,-74,1,-80,dev,51:E6:4E:14:47:26,F43B9A8FB73D38A4ADB9BCF6D03E2B6B
2020-06-26 15:15:50.911,-54,1,-60,dev,6F:A6:6A:04:20:92,538AB6DECA7005B3D3244103631F524F
2020-06-26 15:15:51.036,-68,1,-74,dev,51:E6:4E:14:47:26,F43B9A8FB73D38A4ADB9BCF6D03E2B6B
2020-06-26 15:15:51.174,-54,1,-60,dev,6F:A6:6A:04:20:92,538AB6DECA7005B3D3244103631F524F
2020-06-26 15:15:51.443,-55,1,-61,dev,6F:A6:6A:04:20:92,538AB6DECA7005B3D3244103631F524F
2020-06-26 15:15:51.559,-68,1,-74,dev,51:E6:4E:14:47:26,F43B9A8FB73D38A4ADB9BCF6D03E2B6B
2020-06-26 15:15:51.688,-55,1,-61,dev,6F:A6:6A:04:20:92,538AB6DECA7005B3D3244103631F524F
2020-06-26 15:15:51.817,-68,1,-74,dev,51:E6:4E:14:47:26,F43B9A8FB73D38A4ADB9BCF6D03E2B6B
2020-06-26 15:15:51.961,-55,1,-61,dev,6F:A6:6A:04:20:92,538AB6DECA7005B3D3244103631F524F
2020-06-26 15:15:52.084,-68,1,-74,dev,51:E6:4E:14:47:26,F43B9A8FB73D38A4ADB9BCF6D03E2B6B
2020-06-26 15:20:38.289,-67,1,-73,dev,5A:92:A9:94:4F:C7,538AB6DECA7005B3D3244103631F524F
2020-06-26 15:20:38.485,-72,1,-78,dev,57:8D:42:C3:E6:62,F43B9A8FB73D38A4ADB9BCF6D03E2B6B
2020-06-26 15:20:38.552,-67,1,-73,dev,5A:92:A9:94:4F:C7,538AB6DECA7005B3D3244103631F524F
2020-06-26 15:20:38.811,-67,1,-73,dev,5A:92:A9:94:4F:C7,538AB6DECA7005B3D3244103631F524F
2020-06-26 15:20:39.001,-72,1,-78,dev,57:8D:42:C3:E6:62,F43B9A8FB73D38A4ADB9BCF6D03E2B6B
2020-06-26 15:20:39.079,-67,1,-73,dev,5A:92:A9:94:4F:C7,538AB6DECA7005B3D3244103631F524F
2020-06-26 15:20:39.254,-72,1,-78,dev,57:8D:42:C3:E6:62,F43B9A8FB73D38A4ADB9BCF6D03E2B6B
2020-06-26 15:20:39.339,-67,1,-73,dev,5A:92:A9:94:4F:C7,538AB6DECA7005B3D3244103631F524F
2020-06-26 15:20:39.529,-72,1,-78,dev,57:8D:42:C3:E6:62,F43B9A8FB73D38A4ADB9BCF6D03E2B6B
2020-06-26 15:20:39.601,-59,1,-65,dev,5A:92:A9:94:4F:C7,538AB6DECA7005B3D3244103631F524F
2020-06-26 15:20:39.804,-78,1,-84,dev,57:8D:42:C3:E6:62,F43B9A8FB73D38A4ADB9BCF6D03E2B6B
2020-06-26 15:20:39.861,-60,1,-66,dev,5A:92:A9:94:4F:C7,538AB6DECA7005B3D3244103631F524F
2020-06-26 15:20:40.122,-59,1,-65,dev,5A:92:A9:94:4F:C7,538AB6DECA7005B3D3244103631F524F
2020-06-26 15:20:40.323,-77,1,-83,dev,57:8D:42:C3:E6:62,F43B9A8FB73D38A4ADB9BCF6D03E2B6B
2020-06-26 15:20:40.388,-60,1,-66,dev,5A:92:A9:94:4F:C7,538AB6DECA7005B3D3244103631F524F
2020-06-26 15:20:40.591,-77,1,-83,dev,57:8D:42:C3:E6:62,F43B9A8FB73D38A4ADB9BCF6D03E2B6B
2020-06-26 15:20:40.641,-59,1,-65,dev,5A:92:A9:94:4F:C7,538AB6DECA7005B3D3244103631F524F
2020-06-26 15:20:40.848,-77,1,-83,dev,57:8D:42:C3:E6:62,F43B9A8FB73D38A4ADB9BCF6D03E2B6B
2020-06-26 15:20:40.908,-55,1,-61,dev,5A:92:A9:94:4F:C7,538AB6DECA7005B3D3244103631F524F
2020-06-26 15:20:41.107,-68,1,-74,dev,57:8D:42:C3:E6:62,F43B9A8FB73D38A4ADB9BCF6D03E2B6B
2020-06-26 15:20:41.171,-55,1,-61,dev,5A:92:A9:94:4F:C7,538AB6DECA7005B3D3244103631F524F
2020-06-26 15:20:41.440,-55,1,-61,dev,5A:92:A9:94:4F:C7,538AB6DECA7005B3D3244103631F524F
2020-06-26 15:20:41.631,-68,1,-74,dev,57:8D:42:C3:E6:62,F43B9A8FB73D38A4ADB9BCF6D03E2B6B
2020-06-26 15:20:41.699,-55,1,-61,dev,5A:92:A9:94:4F:C7,538AB6DECA7005B3D3244103631F524F
2020-06-26 15:20:41.889,-68,1,-74,dev,57:8D:42:C3:E6:62,F43B9A8FB73D38A4ADB9BCF6D03E2B6B
2020-06-26 15:20:41.935,-55,1,-61,dev,5A:92:A9:94:4F:C7,538AB6DECA7005B3D3244103631F524F
2020-06-26 15:25:11.580,-68,1,-74,dev,6F:A6:6A:04:20:92,538AB6DECA7005B3D3244103631F524F
2020-06-26 15:25:11.593,-71,1,-77,dev,57:8D:42:C3:E6:62,F43B9A8FB73D38A4ADB9BCF6D03E2B6B
2020-06-26 15:25:11.842,-68,1,-74,dev,6F:A6:6A:04:20:92,538AB6DECA7005B3D3244103631F524F
2020-06-26 15:25:11.848,-71,1,-77,dev,57:8D:42:C3:E6:62,F43B9A8FB73D38A4ADB9BCF6D03E2B6B
2020-06-26 15:25:12.113,-72,1,-78,dev,57:8D:42:C3:E6:62,F43B9A8FB73D38A4ADB9BCF6D03E2B6B
2020-06-26 15:25:12.379,-72,1,-78,dev,57:8D:42:C3:E6:62,F43B9A8FB73D38A4ADB9BCF6D03E2B6B
2020-06-26 15:25:12.638,-68,1,-74,dev,6F:A6:6A:04:20:92,538AB6DECA7005B3D3244103631F524F
2020-06-26 15:25:12.902,-60,1,-66,dev,6F:A6:6A:04:20:92,538AB6DECA7005B3D3244103631F524F
2020-06-26 15:25:12.906,-75,1,-81,dev,57:8D:42:C3:E6:62,F43B9A8FB73D38A4ADB9BCF6D03E2B6B
2020-06-26 15:25:13.156,-59,1,-65,dev,6F:A6:6A:04:20:92,538AB6DECA7005B3D3244103631F524F
2020-06-26 15:25:13.430,-60,1,-66,dev,6F:A6:6A:04:20:92,538AB6DECA7005B3D3244103631F524F
2020-06-26 15:25:13.435,-75,1,-81,dev,57:8D:42:C3:E6:62,F43B9A8FB73D38A4ADB9BCF6D03E2B6B
2020-06-26 15:25:13.671,-60,1,-66,dev,6F:A6:6A:04:20:92,538AB6DECA7005B3D3244103631F524F
2020-06-26 15:25:13.674,-74,1,-80,dev,57:8D:42:C3:E6:62,F43B9A8FB73D38A4ADB9BCF6D03E2B6B
2020-06-26 15:25:13.942,-58,1,-64,dev,6F:A6:6A:04:20:92,538AB6DECA7005B3D3244103631F524F
2020-06-26 15:25:13.948,-75,1,-81,dev,57:8D:42:C3:E6:62,F43B9A8FB73D38A4ADB9BCF6D03E2B6B
2020-06-26 15:25:14.213,-54,1,-60,dev,6F:A6:6A:04:20:92,538AB6DECA7005B3D3244103631F524F
2020-06-26 15:25:14.219,-68,1,-74,dev,57:8D:42:C3:E6:62,F43B9A8FB73D38A4ADB9BCF6D03E2B6B
2020-06-26 15:25:14.476,-55,1,-61,dev,6F:A6:6A:04:20:92,538AB6DECA7005B3D3244103631F524F
2020-06-26 15:25:14.482,-67,1,-73,dev,57:8D:42:C3:E6:62,F43B9A8FB73D38A4ADB9BCF6D03E2B6B
2020-06-26 15:25:14.738,-55,1,-61,dev,6F:A6:6A:04:20:92,538AB6DECA7005B3D3244103631F524F
2020-06-26 15:25:14.990,-54,1,-60,dev,6F:A6:6A:04:20:92,538AB6DECA7005B3D3244103631F524F
2020-06-26 15:25:14.997,-68,1,-74,dev,57:8D:42:C3:E6:62,F43B9A8FB73D38A4ADB9BCF6D03E2B6B
2020-06-26 15:25:15.253,-54,1,-60,dev,6F:A6:6A:04:20:92,538AB6DECA7005B3D3244103631F524F
2020-06-26 15:25:15.259,-68,1,-74,dev,57:8D:42:C3:E6:62,F43B9A8FB73D38A4ADB9BCF6D03E2B6B
2020-06-26 15:30:16.245,-68,1,-74,dev,6F:A6:6A:04:20:92,538AB6DECA7005B3D3244103631F524F
2020-06-26 15:30:16.249,-73,1,-79,dev,62:99:A6:6D:7B:FC,F4041F668CBD39B03F11CE9D71EA48E0
2020-06-26 15:30:16.520,-67,1,-73,dev,6F:A6:6A:04:20:92,538AB6DECA7005B3D3244103631F524F
2020-06-26 15:30:16.525,-72,1,-78,dev,62:99:A6:6D:7B:FC,F4041F668CBD39B03F11CE9D71EA48E0
2020-06-26 15:30:16.776,-67,1,-73,dev,6F:A6:6A:04:20:92,538AB6DECA7005B3D3244103631F524F
2020-06-26 15:30:16.782,-72,1,-78,dev,62:99:A6:6D:7B:FC,F4041F668CBD39B03F11CE9D71EA48E0
2020-06-26 15:30:17.030,-67,1,-73,dev,6F:A6:6A:04:20:92,538AB6DECA7005B3D3244103631F524F
2020-06-26 15:30:17.302,-67,1,-73,dev,6F:A6:6A:04:20:92,538AB6DECA7005B3D3244103631F524F
2020-06-26 15:30:17.308,-72,1,-78,dev,62:99:A6:6D:7B:FC,F4041F668CBD39B03F11CE9D71EA48E0
2020-06-26 15:30:17.567,-60,1,-66,dev,6F:A6:6A:04:20:92,538AB6DECA7005B3D3244103631F524F
2020-06-26 15:30:17.572,-73,1,-79,dev,62:99:A6:6D:7B:FC,F4041F668CBD39B03F11CE9D71EA48E0
2020-06-26 15:30:17.834,-60,1,-66,dev,6F:A6:6A:04:20:92,538AB6DECA7005B3D3244103631F524F
2020-06-26 15:30:17.840,-74,1,-80,dev,62:99:A6:6D:7B:FC,F4041F668CBD39B03F11CE9D71EA48E0
2020-06-26 15:30:18.083,-60,1,-66,dev,6F:A6:6A:04:20:92,538AB6DECA7005B3D3244103631F524F
2020-06-26 15:30:18.088,-74,1,-80,dev,62:99:A6:6D:7B:FC,F4041F668CBD39B03F11CE9D71EA48E0
2020-06-26 15:30:18.350,-60,1,-66,dev,6F:A6:6A:04:20:92,538AB6DECA7005B3D3244103631F524F
2020-06-26 15:30:18.356,-73,1,-79,dev,62:99:A6:6D:7B:FC,F4041F668CBD39B03F11CE9D71EA48E0
2020-06-26 15:30:18.614,-60,1,-66,dev,6F:A6:6A:04:20:92,538AB6DECA7005B3D3244103631F524F
2020-06-26 15:30:18.621,-73,1,-79,dev,62:99:A6:6D:7B:FC,F4041F668CBD39B03F11CE9D71EA48E0
2020-06-26 15:30:18.878,-55,1,-61,dev,6F:A6:6A:04:20:92,538AB6DECA7005B3D3244103631F524F
2020-06-26 15:30:18.884,-68,1,-74,dev,62:99:A6:6D:7B:FC,F4041F668CBD39B03F11CE9D71EA48E0
2020-06-26 15:30:19.136,-55,1,-61,dev,6F:A6:6A:04:20:92,538AB6DECA7005B3D3244103631F524F
2020-06-26 15:30:19.142,-68,1,-74,dev,62:99:A6:6D:7B:FC,F4041F668CBD39B03F11CE9D71EA48E0
2020-06-26 15:30:19.395,-55,1,-61,dev,6F:A6:6A:04:20:92,538AB6DECA7005B3D3244103631F524F
2020-06-26 15:30:19.400,-68,1,-74,dev,62:99:A6:6D:7B:FC,F4041F668CBD39B03F11CE9D71EA48E0
2020-06-26 15:30:19.659,-55,1,-61,dev,6F:A6:6A:04:20:92,538AB6DECA7005B3D3244103631F524F
2020-06-26 15:30:19.921,-55,1,-61,dev,6F:A6:6A:04:20:92,538AB6DECA7005B3D3244103631F524F
2020-06-26 15:30:19.928,-68,1,-74,dev,62:99:A6:6D:7B:FC,F4041F668CBD39B03F11CE9D71EA48E0
2020-06-26 15:34:10.432,-67,1,-73,dev,58:D1:61:4D:23:FE,538AB6DECA7005B3D3244103631F524F
2020-06-26 15:34:10.689,-67,1,-73,dev,58:D1:61:4D:23:FE,538AB6DECA7005B3D3244103631F524F
2020-06-26 15:34:10.914,-72,1,-78,dev,67:22:56:2C:2C:1E,F4041F668CBD39B03F11CE9D71EA48E0
2020-06-26 15:34:10.948,-67,1,-73,dev,58:D1:61:4D:23:FE,538AB6DECA7005B3D3244103631F524F
2020-06-26 15:34:11.172,-72,1,-78,dev,67:22:56:2C:2C:1E,F4041F668CBD39B03F11CE9D71EA48E0
2020-06-26 15:34:11.218,-67,1,-73,dev,58:D1:61:4D:23:FE,538AB6DECA7005B3D3244103631F524F
2020-06-26 15:34:11.441,-72,1,-78,dev,67:22:56:2C:2C:1E,F4041F668CBD39B03F11CE9D71EA48E0
2020-06-26 15:34:11.467,-68,1,-74,dev,58:D1:61:4D:23:FE,538AB6DECA7005B3D3244103631F524F
2020-06-26 15:34:11.701,-73,1,-79,dev,67:22:56:2C:2C:1E,F4041F668CBD39B03F11CE9D71EA48E0
2020-06-26 15:34:11.725,-60,1,-66,dev,58:D1:61:4D:23:FE,538AB6DECA7005B3D3244103631F524F
2020-06-26 15:34:11.965,-73,1,-79,dev,67:22:56:2C:2C:1E,F4041F668CBD39B03F11CE9D71EA48E0
2020-06-26 15:34:11.997,-60,1,-66,dev,58:D1:61:4D:23:FE,538AB6DECA7005B3D3244103631F524F
2020-06-26 15:34:12.225,-73,1,-79,dev,67:22:56:2C:2C:1E,F4041F668CBD39B03F11CE9D71EA48E0
2020-06-26 15:34:12.501,-74,1,-80,dev,67:22:56:2C:2C:1E,F4041F668CBD39B03F11CE9D71EA48E0
2020-06-26 15:34:12.510,-60,1,-66,dev,58:D1:61:4D:23:FE,538AB6DECA7005B3D3244103631F524F
2020-06-26 15:34:12.759,-73,1,-79,dev,67:22:56:2C:2C:1E,F4041F668CBD39B03F11CE9D71EA48E0
2020-06-26 15:34:12.775,-60,1,-66,dev,58:D1:61:4D:23:FE,538AB6DECA7005B3D3244103631F524F
2020-06-26 15:34:13.004,-67,1,-73,dev,67:22:56:2C:2C:1E,F4041F668CBD39B03F11CE9D71EA48E0
2020-06-26 15:34:13.030,-55,1,-61,dev,58:D1:61:4D:23:FE,538AB6DECA7005B3D3244103631F524F
2020-06-26 15:34:13.274,-67,1,-73,dev,67:22:56:2C:2C:1E,F4041F668CBD39B03F11CE9D71EA48E0
2020-06-26 15:34:13.301,-55,1,-61,dev,58:D1:61:4D:23:FE,538AB6DECA7005B3D3244103631F524F
2020-06-26 15:34:13.841,-54,1,-60,dev,58:D1:61:4D:23:FE,538AB6DECA7005B3D3244103631F524F
2020-06-26 15:34:14.058,-67,1,-73,dev,67:22:56:2C:2C:1E,F4041F668CBD39B03F11CE9D71EA48E0
2020-06-26 15:34:14.087,-55,1,-61,dev,58:D1:61:4D:23:FE,538AB6DECA7005B3D3244103631F524F
2020-06-26 15:38:48.463,-67,1,-73,dev,56:E2:1A:36:00:E8,538AB6DECA7005B3D3244103631F524F
2020-06-26 15:38:48.470,-71,1,-77,dev,67:22:56:2C:2C:1E,F4041F668CBD39B03F11CE9D71EA48E0
2020-06-26 15:38:48.714,-67,1,-73,dev,56:E2:1A:36:00:E8,538AB6DECA7005B3D3244103631F524F
2020-06-26 15:38:49.257,-68,1,-74,dev,56:E2:1A:36:00:E8,538AB6DECA7005B3D3244103631F524F
2020-06-26 15:38:49.264,-71,1,-77,dev,67:22:56:2C:2C:1E,F4041F668CBD39B03F11CE9D71EA48E0
2020-06-26 15:38:49.514,-60,1,-66,dev,56:E2:1A:36:00:E8,538AB6DECA7005B3D3244103631F524F
2020-06-26 15:38:49.520,-76,1,-82,dev,67:22:56:2C:2C:1E,F4041F668CBD39B03F11CE9D71EA48E0
2020-06-26 15:38:49.770,-60,1,-66,dev,56:E2:1A:36:00:E8,538AB6DECA7005B3D3244103631F524F
2020-06-26 15:38:49.775,-76,1,-82,dev,67:22:56:2C:2C:1E,F4041F668CBD39B03F11CE9D71EA48E0
2020-06-26 15:38:50.046,-60,1,-66,dev,56:E2:1A:36:00:E8,538AB6DECA7005B3D3244103631F524F
2020-06-26 15:38:50.309,-76,1,-82,dev,67:22:56:2C:2C:1E,F4041F668CBD39B03F11CE9D71EA48E0
2020-06-26 15:38:50.313,-60,1,-66,dev,56:E2:1A:36:00:E8,538AB6DECA7005B3D3244103631F524F
2020-06-26 15:38:50.573,-76,1,-82,dev,67:22:56:2C:2C:1E,F4041F668CBD39B03F11CE9D71EA48E0
2020-06-26 15:38:50.577,-60,1,-66,dev,56:E2:1A:36:00:E8,538AB6DECA7005B3D3244103631F524F
2020-06-26 15:38:50.831,-66,1,-72,dev,67:22:56:2C:2C:1E,F4041F668CBD39B03F11CE9D71EA48E0
2020-06-26 15:38:50.835,-55,1,-61,dev,56:E2:1A:36:00:E8,538AB6DECA7005B3D3244103631F524F
2020-06-26 15:38:51.097,-66,1,-72,dev,67:22:56:2C:2C:1E,F4041F668CBD39B03F11CE9D71EA48E0
2020-06-26 15:38:51.101,-54,1,-60,dev,56:E2:1A:36:00:E8,538AB6DECA7005B3D3244103631F524F
2020-06-26 15:38:51.358,-54,1,-60,dev,56:E2:1A:36:00:E8,538AB6DECA7005B3D3244103631F524F
2020-06-26 15:38:51.365,-66,1,-72,dev,67:22:56:2C:2C:1E,F4041F668CBD39B03F11CE9D71EA48E0
2020-06-26 15:38:51.615,-55,1,-61,dev,56:E2:1A:36:00:E8,538AB6DECA7005B3D3244103631F524F
2020-06-26 15:38:51.624,-66,1,-72,dev,67:22:56:2C:2C:1E,F4041F668CBD39B03F11CE9D71EA48E0
2020-06-26 15:38:51.868,-55,1,-61,dev,56:E2:1A:36:00:E8,538AB6DECA7005B3D3244103631F524F
2020-06-26 15:38:51.875,-66,1,-72,dev,67:22:56:2C:2C:1E,F4041F668CBD39B03F11CE9D71EA48E0
2020-06-26 15:43:07.302,-72,1,-78,dev,46:06:EB:57:1C:78,199F9DE02972D908927206178930BA7C
2020-06-26 15:43:07.568,-72,1,-78,dev,46:06:EB:57:1C:78,199F9DE02972D908927206178930BA7C
2020-06-26 15:43:07.826,-67,1,-73,dev,56:E2:1A:36:00:E8,538AB6DECA7005B3D3244103631F524F
2020-06-26 15:43:07.834,-72,1,-78,dev,46:06:EB:57:1C:78,199F9DE02972D908927206178930BA7C
2020-06-26 15:43:08.103,-72,1,-78,dev,46:06:EB:57:1C:78,199F9DE02972D908927206178930BA7C
2020-06-26 15:43:08.346,-67,1,-73,dev,56:E2:1A:36:00:E8,538AB6DECA7005B3D3244103631F524F
2020-06-26 15:43:08.351,-72,1,-78,dev,46:06:EB:57:1C:78,199F9DE02972D908927206178930BA7C
2020-06-26 15:43:08.618,-60,1,-66,dev,56:E2:1A:36:00:E8,538AB6DECA7005B3D3244103631F524F
2020-06-26 15:43:08.625,-75,1,-81,dev,46:06:EB:57:1C:78,199F9DE02972D908927206178930BA7C
2020-06-26 15:43:08.884,-60,1,-66,dev,56:E2:1A:36:00:E8,538AB6DECA7005B3D3244103631F524F
2020-06-26 15:43:08.891,-75,1,-81,dev,46:06:EB:57:1C:78,199F9DE02972D908927206178930BA7C
2020-06-26 15:43:09.150,-60,1,-66,dev,56:E2:1A:36:00:E8,538AB6DECA7005B3D3244103631F524F
2020-06-26 15:43:09.157,-76,1,-82,dev,46:06:EB:57:1C:78,199F9DE02972D908927206178930BA7C
2020-06-26 15:43:09.415,-60,1,-66,dev,56:E2:1A:36:00:E8,538AB6DECA7005B3D3244103631F524F
2020-06-26 15:43:09.421,-75,1,-81,dev,46:06:EB:57:1C:78,199F9DE02972D908927206178930BA7C
2020-06-26 15:43:09.679,-60,1,-66,dev,56:E2:1A:36:00:E8,538AB6DECA7005B3D3244103631F524F
2020-06-26 15:43:09.685,-75,1,-81,dev,46:06:EB:57:1C:78,199F9DE02972D908927206178930BA7C
2020-06-26 15:43:09.944,-54,1,-60,dev,56:E2:1A:36:00:E8,538AB6DECA7005B3D3244103631F524F
2020-06-26 15:43:10.208,-67,1,-73,dev,46:06:EB:57:1C:78,199F9DE02972D908927206178930BA7C
2020-06-26 15:43:10.211,-54,1,-60,dev,56:E2:1A:36:00:E8,538AB6DECA7005B3D3244103631F524F
2020-06-26 15:43:10.470,-67,1,-73,dev,46:06:EB:57:1C:78,199F9DE02972D908927206178930BA7C
2020-06-26 15:43:10.473,-54,1,-60,dev,56:E2:1A:36:00:E8,538AB6DECA7005B3D3244103631F524F
2020-06-26 15:43:10.726,-55,1,-61,dev,56:E2:1A:36:00:E8,538AB6DECA7005B3D3244103631F524F
2020-06-26 15:43:10.995,-67,1,-73,dev,46:06:EB:57:1C:78,199F9DE02972D908927206178930BA7C
2020-06-26 15:48:07.293,-70,1,-76,dev,46:06:EB:57:1C:78,199F9DE02972D908927206178930BA7C
2020-06-26 15:48:07.547,-70,1,-76,dev,46:06:EB:57:1C:78,199F9DE02972D908927206178930BA7C
2020-06-26 15:48:07.823,-70,1,-76,dev,46:06:EB:57:1C:78,199F9DE02972D908927206178930BA7C
2020-06-26 15:48:08.604,-67,1,-73,dev,46:06:EB:57:1C:78,199F9DE02972D908927206178930BA7C
2020-06-26 15:48:08.876,-64,1,-70,dev,46:06:EB:57:1C:78,199F9DE02972D908927206178930BA7C
2020-06-26 15:48:09.137,-62,1,-68,dev,46:06:EB:57:1C:78,199F9DE02972D908927206178930BA7C
2020-06-26 15:48:09.659,-71,1,-77,dev,46:06:EB:57:1C:78,199F9DE02972D908927206178930BA7C
2020-06-26 15:48:09.913,-64,1,-70,dev,46:06:EB:57:1C:78,199F9DE02972D908927206178930BA7C
2020-06-26 15:48:10.179,-62,1,-68,dev,46:06:EB:57:1C:78,199F9DE02972D908927206178930BA7C
2020-06-26 15:48:10.429,-64,1,-70,dev,46:06:EB:57:1C:78,199F9DE02972D908927206178930BA7C
2020-06-26 15:48:10.703,-63,1,-69,dev,46:06:EB:57:1C:78,199F9DE02972D908927206178930BA7C
2020-06-26 15:48:10.959,-63,1,-69,dev,46:06:EB:57:1C:78,199F9DE02972D908927206178930BA7C
2020-06-26 15:51:47.533,-68,1,-74,dev,7D:E2:97:32:7E:FC,199F9DE02972D908927206178930BA7C
2020-06-26 15:51:47.791,-67,1,-73,dev,7D:E2:97:32:7E:FC,199F9DE02972D908927206178930BA7C
2020-06-26 15:51:48.057,-67,1,-73,dev,7D:E2:97:32:7E:FC,199F9DE02972D908927206178930BA7C
2020-06-26 15:51:48.318,-67,1,-73,dev,7D:E2:97:32:7E:FC,199F9DE02972D908927206178930BA7C
2020-06-26 15:51:48.590,-67,1,-73,dev,7D:E2:97:32:7E:FC,199F9DE02972D908927206178930BA7C
2020-06-26 15:51:48.846,-65,1,-71,dev,7D:E2:97:32:7E:FC,199F9DE02972D908927206178930BA7C
2020-06-26 15:51:49.101,-64,1,-70,dev,7D:E2:97:32:7E:FC,199F9DE02972D908927206178930BA7C
2020-06-26 15:51:49.361,-63,1,-69,dev,7D:E2:97:32:7E:FC,199F9DE02972D908927206178930BA7C
2020-06-26 15:51:49.624,-62,1,-68,dev,7D:E2:97:32:7E:FC,199F9DE02972D908927206178930BA7C
2020-06-26 15:51:49.880,-62,1,-68,dev,7D:E2:97:32:7E:FC,199F9DE02972D908927206178930BA7C
2020-06-26 15:51:50.405,-67,1,-73,dev,7D:E2:97:32:7E:FC,199F9DE02972D908927206178930BA7C
2020-06-26 15:51:50.940,-66,1,-72,dev,7D:E2:97:32:7E:FC,199F9DE02972D908927206178930BA7C
2020-06-26 15:51:51.197,-68,1,-74,dev,7D:E2:97:32:7E:FC,199F9DE02972D908927206178930BA7C
2020-06-26 15:54:52.510,-46,1,-52,dev,57:EA:BB:5B:BD:B8,0DCB4F3E840A6220AA99AE5886AD1498
2020-06-26 15:54:52.665,-55,1,-61,dev,77:E3:00:89:47:F8,EAD927E4D3D512CCC746CC761F887F7B
2020-06-26 15:54:52.781,-46,1,-52,dev,57:EA:BB:5B:BD:B8,0DCB4F3E840A6220AA99AE5886AD1498
2020-06-26 15:54:52.935,-55,1,-61,dev,77:E3:00:89:47:F8,EAD927E4D3D512CCC746CC761F887F7B
2020-06-26 15:54:53.044,-46,1,-52,dev,57:EA:BB:5B:BD:B8,0DCB4F3E840A6220AA99AE5886AD1498
2020-06-26 15:54:53.198,-87,1,-93,dev,77:E3:00:89:47:F8,EAD927E4D3D512CCC746CC761F887F7B
2020-06-26 15:54:53.309,-46,1,-52,dev,57:EA:BB:5B:BD:B8,0DCB4F3E840A6220AA99AE5886AD1498
2020-06-26 15:54:53.464,-59,1,-65,dev,77:E3:00:89:47:F8,EAD927E4D3D512CCC746CC761F887F7B
2020-06-26 15:54:53.573,-46,1,-52,dev,57:EA:BB:5B:BD:B8,0DCB4F3E840A6220AA99AE5886AD1498
2020-06-26 15:54:53.731,-61,1,-67,dev,77:E3:00:89:47:F8,EAD927E4D3D512CCC746CC761F887F7B
2020-06-26 15:54:54.104,-46,1,-52,dev,57:EA:BB:5B:BD:B8,0DCB4F3E840A6220AA99AE5886AD1498
2020-06-26 15:54:54.370,-46,1,-52,dev,57:EA:BB:5B:BD:B8,0DCB4F3E840A6220AA99AE5886AD1498
2020-06-26 15:54:54.512,-63,1,-69,dev,77:E3:00:89:47:F8,EAD927E4D3D512CCC746CC761F887F7B
2020-06-26 15:54:54.620,-46,1,-52,dev,57:EA:BB:5B:BD:B8,0DCB4F3E840A6220AA99AE5886AD1498
2020-06-26 15:54:54.785,-62,1,-68,dev,77:E3:00:89:47:F8,EAD927E4D3D512CCC746CC761F887F7B
2020-06-26 15:54:54.887,-46,1,-52,dev,57:EA:BB:5B:BD:B8,0DCB4F3E840A6220AA99AE5886AD1498
2020-06-26 15:54:55.033,-60,1,-66,dev,77:E3:00:89:47:F8,EAD927E4D3D512CCC746CC761F887F7B
2020-06-26 15:54:55.418,-46,1,-52,dev,57:EA:BB:5B:BD:B8,0DCB4F3E840A6220AA99AE5886AD1498
2020-06-26 15:54:55.559,-46,1,-52,dev,77:E3:00:89:47:F8,EAD927E4D3D512CCC746CC761F887F7B
2020-06-26 15:54:55.671,-46,1,-52,dev,57:EA:BB:5B:BD:B8,0DCB4F3E840A6220AA99AE5886AD1498
2020-06-26 15:54:55.817,-46,1,-52,dev,77:E3:00:89:47:F8,EAD927E4D3D512CCC746CC761F887F7B
2020-06-26 15:54:55.932,-46,1,-52,dev,57:EA:BB:5B:BD:B8,0DCB4F3E840A6220AA99AE5886AD1498
2020-06-26 15:54:56.349,-46,1,-52,dev,77:E3:00:89:47:F8,EAD927E4D3D512CCC746CC761F887F7B
2020-06-26 15:59:19.703,-46,1,-52,dev,57:EA:BB:5B:BD:B8,0DCB4F3E840A6220AA99AE5886AD1498
2020-06-26 15:59:19.971,-46,1,-52,dev,57:EA:BB:5B:BD:B8,0DCB4F3E840A6220AA99AE5886AD1498
2020-06-26 15:59:20.229,-46,1,-52,dev,57:EA:BB:5B:BD:B8,0DCB4F3E840A6220AA99AE5886AD1498
2020-06-26 15:59:20.488,-48,1,-54,dev,57:EA:BB:5B:BD:B8,0DCB4F3E840A6220AA99AE5886AD1498
2020-06-26 15:59:20.756,-47,1,-53,dev,57:EA:BB:5B:BD:B8,0DCB4F3E840A6220AA99AE5886AD1498
2020-06-26 15:59:21.023,-46,1,-52,dev,57:EA:BB:5B:BD:B8,0DCB4F3E840A6220AA99AE5886AD1498
2020-06-26 15:59:21.280,-46,1,-52,dev,57:EA:BB:5B:BD:B8,0DCB4F3E840A6220AA99AE5886AD1498
2020-06-26 15:59:21.542,-46,1,-52,dev,57:EA:BB:5B:BD:B8,0DCB4F3E840A6220AA99AE5886AD1498
2020-06-26 15:59:21.805,-46,1,-52,dev,57:EA:BB:5B:BD:B8,0DCB4F3E840A6220AA99AE5886AD1498
2020-06-26 15:59:22.067,-46,1,-52,dev,57:EA:BB:5B:BD:B8,0DCB4F3E840A6220AA99AE5886AD1498
2020-06-26 15:59:22.328,-46,1,-52,dev,57:EA:BB:5B:BD:B8,0DCB4F3E840A6220AA99AE5886AD1498
2020-06-26 15:59:22.595,-46,1,-52,dev,57:EA:BB:5B:BD:B8,0DCB4F3E840A6220AA99AE5886AD1498
2020-06-26 15:59:22.855,-46,1,-52,dev,57:EA:BB:5B:BD:B8,0DCB4F3E840A6220AA99AE5886AD1498
2020-06-26 15:59:23.387,-46,1,-52,dev,57:EA:BB:5B:BD:B8,0DCB4F3E840A6220AA99AE5886AD1498
2020-06-26 16:02:59.907,-90,1,-96,dev,7B:3A:45:A8:A5:D5,DB1547B8906197F97E0AA44F47D27DF7
2020-06-26 16:03:00.181,-92,1,-98,dev,7B:3A:45:A8:A5:D5,DB1547B8906197F97E0AA44F47D27DF7
2020-06-26 16:03:00.445,-80,1,-86,dev,57:EA:BB:5B:BD:B8,0DCB4F3E840A6220AA99AE5886AD1498
2020-06-26 16:03:00.704,-81,1,-87,dev,57:EA:BB:5B:BD:B8,0DCB4F3E840A6220AA99AE5886AD1498
2020-06-26 16:03:00.770,-90,1,-96,dev,7B:3A:45:A8:A5:D5,DB1547B8906197F97E0AA44F47D27DF7
2020-06-26 16:03:00.978,-81,1,-87,dev,57:EA:BB:5B:BD:B8,0DCB4F3E840A6220AA99AE5886AD1498
2020-06-26 16:03:01.047,-90,1,-96,dev,7B:3A:45:A8:A5:D5,DB1547B8906197F97E0AA44F47D27DF7
2020-06-26 16:03:01.339,-74,1,-80,dev,7B:3A:45:A8:A5:D5,DB1547B8906197F97E0AA44F47D27DF7
2020-06-26 16:03:01.493,-72,1,-78,dev,57:EA:BB:5B:BD:B8,0DCB4F3E840A6220AA99AE5886AD1498
2020-06-26 16:03:01.618,-74,1,-80,dev,7B:3A:45:A8:A5:D5,DB1547B8906197F97E0AA44F47D27DF7
2020-06-26 16:03:01.921,-75,1,-81,dev,7B:3A:45:A8:A5:D5,DB1547B8906197F97E0AA44F47D27DF7
2020-06-26 16:03:02.019,-72,1,-78,dev,57:EA:BB:5B:BD:B8,0DCB4F3E840A6220AA99AE5886AD1498
2020-06-26 16:03:02.207,-74,1,-80,dev,7B:3A:45:A8:A5:D5,DB1547B8906197F97E0AA44F47D27DF7
2020-06-26 16:03:02.276,-72,1,-78,dev,57:EA:BB:5B:BD:B8,0DCB4F3E840A6220AA99AE5886AD1498
2020-06-26 16:03:02.489,-74,1,-80,dev,7B:3A:45:A8:A5:D5,DB1547B8906197F97E0AA44F47D27DF7
2020-06-26 16:03:02.539,-85,1,-91,dev,57:EA:BB:5B:BD:B8,0DCB4F3E840A6220AA99AE5886AD1498
2020-06-26 16:03:02.766,-92,1,-98,dev,7B:3A:45:A8:A5:D5,DB1547B8906197F97E0AA44F47D27DF7
2020-06-26 16:03:03.048,-90,1,-96,dev,7B:3A:45:A8:A5:D5,DB1547B8906197F97E0AA44F47D27DF7
2020-06-26 16:03:03.051,-81,1,-87,dev,57:EA:BB:5B:BD:B8,0DCB4F3E840A6220AA99AE5886AD1498
2020-06-26 16:03:03.313,-81,1,-87,dev,57:EA:BB:5B:BD:B8,0DCB4F3E840A6220AA99AE5886AD1498
2020-06-26 16:03:03.323,-91,1,-97,dev,7B:3A:45:A8:A5:D5,DB1547B8906197F97E0AA44F47D27DF7
2020-06-26 16:03:03.569,-80,1,-86,dev,57:EA:BB:5B:BD:B8,0DCB4F3E840A6220AA99AE5886AD1498
2020-06-26 16:03:03.613,-92,1,-98,dev,7B:3A:45:A8:A5:D5,DB1547B8906197F97E0AA44F47D27DF7
2020-06-26 16:08:01.182,-85,1,-91,dev,4B:F4:95:2A:33:31,0794FCCF73F6F4CB00DB0F2113B135D3
2020-06-26 16:08:01.298,-90,1,-96,dev,7B:3A:45:A8:A5:D5,DB1547B8906197F97E0AA44F47D27DF7
2020-06-26 16:08:01.446,-85,1,-91,dev,4B:F4:95:2A:33:31,0794FCCF73F6F4CB00DB0F2113B135D3
2020-06-26 16:08:01.591,-90,1,-96,dev,7B:3A:45:A8:A5:D5,DB1547B8906197F97E0AA44F47D27DF7
2020-06-26 16:08:01.706,-84,1,-90,dev,4B:F4:95:2A:33:31,0794FCCF73F6F4CB00DB0F2113B135D3
2020-06-26 16:08:01.882,-90,1,-96,dev,7B:3A:45:A8:A5:D5,DB1547B8906197F97E0AA44F47D27DF7
2020-06-26 16:08:01.970,-84,1,-90,dev,4B:F4:95:2A:33:31,0794FCCF73F6F4CB00DB0F2113B135D3
2020-06-26 16:08:02.169,-89,1,-95,dev,7B:3A:45:A8:A5:D5,DB1547B8906197F97E0AA44F47D27DF7
2020-06-26 16:08:02.231,-84,1,-90,dev,4B:F4:95:2A:33:31,0794FCCF73F6F4CB00DB0F2113B135D3
2020-06-26 16:08:02.450,-74,1,-80,dev,7B:3A:45:A8:A5:D5,DB1547B8906197F97E0AA44F47D27DF7
2020-06-26 16:08:02.484,-80,1,-86,dev,4B:F4:95:2A:33:31,0794FCCF73F6F4CB00DB0F2113B135D3
2020-06-26 16:08:02.751,-74,1,-80,dev,7B:3A:45:A8:A5:D5,DB1547B8906197F97E0AA44F47D27DF7
2020-06-26 16:08:02.755,-80,1,-86,dev,4B:F4:95:2A:33:31,0794FCCF73F6F4CB00DB0F2113B135D3
2020-06-26 16:08:03.029,-80,1,-86,dev,4B:F4:95:2A:33:31,0794FCCF73F6F4CB00DB0F2113B135D3
2020-06-26 16:08:03.032,-74,1,-80,dev,7B:3A:45:A8:A5:D5,DB1547B8906197F97E0AA44F47D27DF7
2020-06-26 16:08:03.291,-80,1,-86,dev,4B:F4:95:2A:33:31,0794FCCF73F6F4CB00DB0F2113B135D3
2020-06-26 16:08:03.315,-74,1,-80,dev,7B:3A:45:A8:A5:D5,DB1547B8906197F97E0AA44F47D27DF7
2020-06-26 16:08:03.544,-79,1,-85,dev,4B:F4:95:2A:33:31,0794FCCF73F6F4CB00DB0F2113B135D3
2020-06-26 16:08:03.817,-76,1,-82,dev,4B:F4:95:2A:33:31,0794FCCF73F6F4CB00DB0F2113B135D3
2020-06-26 16:08:03.900,-76,1,-82,dev,7B:3A:45:A8:A5:D5,DB1547B8906197F97E0AA44F47D27DF7
2020-06-26 16:08:04.060,-77,1,-83,dev,4B:F4:95:2A:33:31,0794FCCF73F6F4CB00DB0F2113B135D3
2020-06-26 16:08:04.188,-76,1,-82,dev,7B:3A:45:A8:A5:D5,DB1547B8906197F97E0AA44F47D27DF7
2020-06-26 16:08:04.333,-77,1,-83,dev,4B:F4:95:2A:33:31,0794FCCF73F6F4CB00DB0F2113B135D3
2020-06-26 16:08:04.476,-76,1,-82,dev,7B:3A:45:A8:A5:D5,DB1547B8906197F97E0AA44F47D27DF7
2020-06-26 16:08:04.586,-77,1,-83,dev,4B:F4:95:2A:33:31,0794FCCF73F6F4CB00DB0F2113B135D3
2020-06-26 16:08:04.753,-76,1,-82,dev,7B:3A:45:A8:A5:D5,DB1547B8906197F97E0AA44F47D27DF7
2020-06-26 16:08:04.846,-76,1,-82,dev,4B:F4:95:2A:33:31,0794FCCF73F6F4CB00DB0F2113B135D3
2020-06-26 16:08:05.056,-75,1,-81,dev,7B:3A:45:A8:A5:D5,DB1547B8906197F97E0AA44F47D27DF7
2020-06-26 16:13:03.423,-82,1,-88,dev,4B:F4:95:2A:33:31,0794FCCF73F6F4CB00DB0F2113B135D3
2020-06-26 16:13:03.443,-91,1,-97,dev,7B:3A:45:A8:A5:D5,6BA39524B1EB5883F9FA9B56333AF0FB
2020-06-26 16:13:03.696,-82,1,-88,dev,4B:F4:95:2A:33:31,0794FCCF73F6F4CB00DB0F2113B135D3
2020-06-26 16:13:03.738,-92,1,-98,dev,7B:3A:45:A8:A5:D5,6BA39524B1EB5883F9FA9B56333AF0FB
2020-06-26 16:13:03.953,-83,1,-89,dev,4B:F4:95:2A:33:31,0794FCCF73F6F4CB00DB0F2113B135D3
2020-06-26 16:13:04.033,-90,1,-96,dev,7B:3A:45:A8:A5:D5,6BA39524B1EB5883F9FA9B56333AF0FB
2020-06-26 16:13:04.212,-83,1,-89,dev,4B:F4:95:2A:33:31,0794FCCF73F6F4CB00DB0F2113B135D3
2020-06-26 16:13:04.308,-90,1,-96,dev,7B:3A:45:A8:A5:D5,6BA39524B1EB5883F9FA9B56333AF0FB
2020-06-26 16:13:04.488,-83,1,-89,dev,4B:F4:95:2A:33:31,0794FCCF73F6F4CB00DB0F2113B135D3
2020-06-26 16:13:04.593,-90,1,-96,dev,7B:3A:45:A8:A5:D5,6BA39524B1EB5883F9FA9B56333AF0FB
2020-06-26 16:13:04.737,-78,1,-84,dev,4B:F4:95:2A:33:31,0794FCCF73F6F4CB00DB0F2113B135D3
2020-06-26 16:13:04.873,-74,1,-80,dev,7B:3A:45:A8:A5:D5,6BA39524B1EB5883F9FA9B56333AF0FB
2020-06-26 16:13:04.996,-78,1,-84,dev,4B:F4:95:2A:33:31,0794FCCF73F6F4CB00DB0F2113B135D3
2020-06-26 16:13:05.169,-74,1,-80,dev,7B:3A:45:A8:A5:D5,6BA39524B1EB5883F9FA9B56333AF0FB
2020-06-26 16:13:05.265,-77,1,-83,dev,4B:F4:95:2A:33:31,0794FCCF73F6F4CB00DB0F2113B135D3
2020-06-26 16:13:05.462,-74,1,-80,dev,7B:3A:45:A8:A5:D5,6BA39524B1EB5883F9FA9B56333AF0FB
2020-06-26 16:13:05.518,-77,1,-83,dev,4B:F4:95:2A:33:31,0794FCCF73F6F4CB00DB0F2113B135D3
2020-06-26 16:13:05.745,-74,1,-80,dev,7B:3A:45:A8:A5:D5,6BA39524B1EB5883F9FA9B56333AF0FB
2020-06-26 16:13:06.028,-76,1,-82,dev,7B:3A:45:A8:A5:D5,6BA39524B1EB5883F9FA9B56333AF0FB
2020-06-26 16:13:06.317,-75,1,-81,dev,7B:3A:45:A8:A5:D5,6BA39524B1EB5883F9FA9B56333AF0FB
2020-06-26 16:13:06.320,-74,1,-80,dev,4B:F4:95:2A:33:31,0794FCCF73F6F4CB00DB0F2113B135D3
2020-06-26 16:13:06.582,-74,1,-80,dev,4B:F4:95:2A:33:31,0794FCCF73F6F4CB00DB0F2113B135D3
2020-06-26 16:13:06.586,-75,1,-81,dev,7B:3A:45:A8:A5:D5,6BA39524B1EB5883F9FA9B56333AF0FB
2020-06-26 16:13:06.845,-74,1,-80,dev,4B:F4:95:2A:33:31,0794FCCF73F6F4CB00DB0F2113B135D3
2020-06-26 16:13:06.871,-75,1,-81,dev,7B:3A:45:A8:A5:D5,6BA39524B1EB5883F9FA9B56333AF0FB
2020-06-26 16:13:07.106,-74,1,-80,dev,4B:F4:95:2A:33:31,0794FCCF73F6F4CB00DB0F2113B135D3
2020-06-26 16:13:07.162,-75,1,-81,dev,7B:3A:45:A8:A5:D5,6BA39524B1EB5883F9FA9B56333AF0FB
2020-06-26 16:17:23.202,-93,1,-99,dev,48:6C:57:B3:EE:A3,D9C36BB14557D3D2B24E197E35A5A33E
2020-06-26 16:17:23.253,-91,1,-97,dev,4E:B5:61:BA:10:ED,6BA39524B1EB5883F9FA9B56333AF0FB
2020-06-26 16:17:23.465,-93,1,-99,dev,48:6C:57:B3:EE:A3,D9C36BB14557D3D2B24E197E35A5A33E
2020-06-26 16:17:23.543,-90,1,-96,dev,4E:B5:61:BA:10:ED,6BA39524B1EB5883F9FA9B56333AF0FB
2020-06-26 16:17:23.732,-94,1,-100,dev,48:6C:57:B3:EE:A3,D9C36BB14557D3D2B24E197E35A5A33E
2020-06-26 16:17:23.831,-91,1,-97,dev,4E:B5:61:BA:10:ED,6BA39524B1EB5883F9FA9B56333AF0FB
2020-06-26 16:17:23.993,-94,1,-100,dev,48:6C:57:B3:EE:A3,D9C36BB14557D3D2B24E197E35A5A33E
2020-06-26 16:17:24.114,-90,1,-96,dev,4E:B5:61:BA:10:ED,6BA39524B1EB5883F9FA9B56333AF0FB
2020-06-26 16:17:24.416,-90,1,-96,dev,4E:B5:61:BA:10:ED,6BA39524B1EB5883F9FA9B56333AF0FB
2020-06-26 16:17:24.503,-80,1,-86,dev,48:6C:57:B3:EE:A3,D9C36BB14557D3D2B24E197E35A5A33E
2020-06-26 16:17:24.706,-74,1,-80,dev,4E:B5:61:BA:10:ED,6BA39524B1EB5883F9FA9B56333AF0FB
2020-06-26 16:17:24.775,-80,1,-86,dev,48:6C:57:B3:EE:A3,D9C36BB14557D3D2B24E197E35A5A33E
2020-06-26 16:17:24.999,-74,1,-80,dev,4E:B5:61:BA:10:ED,6BA39524B1EB5883F9FA9B56333AF0FB
2020-06-26 16:17:25.033,-80,1,-86,dev,48:6C:57:B3:EE:A3,D9C36BB14557D3D2B24E197E35A5A33E
2020-06-26 16:17:25.285,-74,1,-80,dev,4E:B5:61:BA:10:ED,6BA39524B1EB5883F9FA9B56333AF0FB
2020-06-26 16:17:25.291,-80,1,-86,dev,48:6C:57:B3:EE:A3,D9C36BB14557D3D2B24E197E35A5A33E
2020-06-26 16:17:25.559,-80,1,-86,dev,48:6C:57:B3:EE:A3,D9C36BB14557D3D2B24E197E35A5A33E
2020-06-26 16:17:25.561,-74,1,-80,dev,4E:B5:61:BA:10:ED,6BA39524B1EB5883F9FA9B56333AF0FB
2020-06-26 16:17:25.841,-72,1,-78,dev,48:6C:57:B3:EE:A3,D9C36BB14557D3D2B24E197E35A5A33E
2020-06-26 16:17:25.844,-76,1,-82,dev,4E:B5:61:BA:10:ED,6BA39524B1EB5883F9FA9B56333AF0FB
2020-06-26 16:17:26.152,-76,1,-82,dev,4E:B5:61:BA:10:ED,6BA39524B1EB5883F9FA9B56333AF0FB
2020-06-26 16:17:26.363,-72,1,-78,dev,48:6C:57:B3:EE:A3,D9C36BB14557D3D2B24E197E35A5A33E
2020-06-26 16:17:26.425,-76,1,-82,dev,4E:B5:61:BA:10:ED,6BA39524B1EB5883F9FA9B56333AF0FB
2020-06-26 16:17:26.614,-72,1,-78,dev,48:6C:57:B3:EE:A3,D9C36BB14557D3D2B24E197E35A5A33E
2020-06-26 16:17:26.693,-75,1,-81,dev,4E:B5:61:BA:10:ED,6BA39524B1EB5883F9FA9B56333AF0FB
2020-06-26 16:17:26.884,-72,1,-78,dev,48:6C:57:B3:EE:A3,D9C36BB14557D3D2B24E197E35A5A33E
2020-06-26 16:17:26.991,-76,1,-82,dev,4E:B5:61:BA:10:ED,6BA39524B1EB5883F9FA9B56333AF0FB
2020-06-26 16:21:46.212,-91,1,-97,dev,4E:B5:61:BA:10:ED,B083C893B51E7DD3D2B93C10401DC561
2020-06-26 16:21:46.388,-86,1,-92,dev,59:75:99:5F:3F:1F,D9C36BB14557D3D2B24E197E35A5A33E
2020-06-26 16:21:46.511,-90,1,-96,dev,4E:B5:61:BA:10:ED,B083C893B51E7DD3D2B93C10401DC561
2020-06-26 16:21:46.654,-85,1,-91,dev,59:75:99:5F:3F:1F,D9C36BB14557D3D2B24E197E35A5A33E
2020-06-26 16:21:46.793,-90,1,-96,dev,4E:B5:61:BA:10:ED,B083C893B51E7DD3D2B93C10401DC561
2020-06-26 16:21:46.911,-86,1,-92,dev,59:75:99:5F:3F:1F,D9C36BB14557D3D2B24E197E35A5A33E
2020-06-26 16:21:47.087,-91,1,-97,dev,4E:B5:61:BA:10:ED,B083C893B51E7DD3D2B93C10401DC561
2020-06-26 16:21:47.173,-87,1,-93,dev,59:75:99:5F:3F:1F,D9C36BB14557D3D2B24E197E35A5A33E
2020-06-26 16:21:47.382,-91,1,-97,dev,4E:B5:61:BA:10:ED,B083C893B51E7DD3D2B93C10401DC561
2020-06-26 16:21:47.435,-90,1,-96,dev,59:75:99:5F:3F:1F,D9C36BB14557D3D2B24E197E35A5A33E
2020-06-26 16:21:47.665,-74,1,-80,dev,4E:B5:61:BA:10:ED,B083C893B51E7DD3D2B93C10401DC561
2020-06-26 16:21:47.685,-83,1,-89,dev,59:75:99:5F:3F:1F,D9C36BB14557D3D2B24E197E35A5A33E
2020-06-26 16:21:47.948,-74,1,-80,dev,4E:B5:61:BA:10:ED,B083C893B51E7DD3D2B93C10401DC561
2020-06-26 16:21:47.951,-76,1,-82,dev,59:75:99:5F:3F:1F,D9C36BB14557D3D2B24E197E35A5A33E
2020-06-26 16:21:48.222,-78,1,-84,dev,59:75:99:5F:3F:1F,D9C36BB14557D3D2B24E197E35A5A33E
2020-06-26 16:21:48.226,-74,1,-80,dev,4E:B5:61:BA:10:ED,B083C893B51E7DD3D2B93C10401DC561
2020-06-26 16:21:48.536,-74,1,-80,dev,4E:B5:61:BA:10:ED,B083C893B51E7DD3D2B93C10401DC561
2020-06-26 16:21:48.746,-77,1,-83,dev,59:75:99:5F:3F:1F,D9C36BB14557D3D2B24E197E35A5A33E
2020-06-26 16:21:48.803,-74,1,-80,dev,4E:B5:61:BA:10:ED,B083C893B51E7DD3D2B93C10401DC561
2020-06-26 16:21:49.004,-73,1,-79,dev,59:75:99:5F:3F:1F,D9C36BB14557D3D2B24E197E35A5A33E
2020-06-26 16:21:49.089,-76,1,-82,dev,4E:B5:61:BA:10:ED,B083C893B51E7DD3D2B93C10401DC561
2020-06-26 16:21:49.276,-76,1,-82,dev,59:75:99:5F:3F:1F,D9C36BB14557D3D2B24E197E35A5A33E
2020-06-26 16:21:49.370,-75,1,-81,dev,4E:B5:61:BA:10:ED,B083C893B51E7DD3D2B93C10401DC561
2020-06-26 16:21:49.558,-71,1,-77,dev,59:75:99:5F:3F:1F,D9C36BB14557D3D2B24E197E35A5A33E
2020-06-26 16:21:49.647,-76,1,-82,dev,4E:B5:61:BA:10:ED,B083C893B51E7DD3D2B93C10401DC561
2020-06-26 16:21:49.791,-74,1,-80,dev,59:75:99:5F:3F:1F,D9C36BB14557D3D2B24E197E35A5A33E
2020-06-26 16:21:49.935,-76,1,-82,dev,4E:B5:61:BA:10:ED,B083C893B51E7DD3D2B93C10401DC561
2020-06-26 16:21:50.062,-71,1,-77,dev,59:75:99:5F:3F:1F,D9C36BB14557D3D2B24E197E35A5A33E
2020-06-26 16:26:39.215,-87,1,-93,dev,5E:B8:53:56:60:AE,27D4DA4A69FC09963EED99B08EF134A3
2020-06-26 16:26:39.312,-92,1,-98,dev,4E:B5:61:BA:10:ED,B083C893B51E7DD3D2B93C10401DC561
2020-06-26 16:26:39.602,-91,1,-97,dev,4E:B5:61:BA:10:ED,B083C893B51E7DD3D2B93C10401DC561
2020-06-26 16:26:39.895,-91,1,-97,dev,4E:B5:61:BA:10:ED,B083C893B51E7DD3D2B93C10401DC561
2020-06-26 16:26:40.017,-86,1,-92,dev,5E:B8:53:56:60:AE,27D4DA4A69FC09963EED99B08EF134A3
2020-06-26 16:26:40.184,-91,1,-97,dev,4E:B5:61:BA:10:ED,B083C893B51E7DD3D2B93C10401DC561
2020-06-26 16:26:40.277,-85,1,-91,dev,5E:B8:53:56:60:AE,27D4DA4A69FC09963EED99B08EF134A3
2020-06-26 16:26:40.483,-92,1,-98,dev,4E:B5:61:BA:10:ED,B083C893B51E7DD3D2B93C10401DC561
2020-06-26 16:26:40.543,-77,1,-83,dev,5E:B8:53:56:60:AE,27D4DA4A69FC09963EED99B08EF134A3
2020-06-26 16:26:40.771,-74,1,-80,dev,4E:B5:61:BA:10:ED,B083C893B51E7DD3D2B93C10401DC561
2020-06-26 16:26:40.790,-76,1,-82,dev,5E:B8:53:56:60:AE,27D4DA4A69FC09963EED99B08EF134A3
2020-06-26 16:26:41.336,-79,1,-85,dev,5E:B8:53:56:60:AE,27D4DA4A69FC09963EED99B08EF134A3
2020-06-26 16:26:41.339,-74,1,-80,dev,4E:B5:61:BA:10:ED,B083C893B51E7DD3D2B93C10401DC561
2020-06-26 16:26:41.591,-75,1,-81,dev,5E:B8:53:56:60:AE,27D4DA4A69FC09963EED99B08EF134A3
2020-06-26 16:26:41.598,-74,1,-80,dev,4E:B5:61:BA:10:ED,B083C893B51E7DD3D2B93C10401DC561
2020-06-26 16:26:41.855,-72,1,-78,dev,5E:B8:53:56:60:AE,27D4DA4A69FC09963EED99B08EF134A3
2020-06-26 16:26:41.890,-75,1,-81,dev,4E:B5:61:BA:10:ED,B083C893B51E7DD3D2B93C10401DC561
2020-06-26 16:26:42.112,-72,1,-78,dev,5E:B8:53:56:60:AE,27D4DA4A69FC09963EED99B08EF134A3
2020-06-26 16:26:42.170,-76,1,-82,dev,4E:B5:61:BA:10:ED,B083C893B51E7DD3D2B93C10401DC561
2020-06-26 16:26:42.378,-72,1,-78,dev,5E:B8:53:56:60:AE,27D4DA4A69FC09963EED99B08EF134A3
2020-06-26 16:26:42.464,-76,1,-82,dev,4E:B5:61:BA:10:ED,B083C893B51E7DD3D2B93C10401DC561
2020-06-26 16:26:42.756,-75,1,-81,dev,4E:B5:61:BA:10:ED,B083C893B51E7DD3D2B93C10401DC561
2020-06-26 16:26:42.882,-73,1,-79,dev,5E:B8:53:56:60:AE,27D4DA4A69FC09963EED99B08EF134A3
2020-06-26 16:26:43.026,-76,1,-82,dev,4E:B5:61:BA:10:ED,B083C893B51E7DD3D2B93C10401DC561
2020-06-26 16:31:30.148,-91,1,-97,dev,51:DF:D7:A1:57:38,46EA4D76538F0AE81DA84904730FCDC7
2020-06-26 16:31:30.339,-85,1,-91,dev,5E:B8:53:56:60:AE,27D4DA4A69FC09963EED99B08EF134A3
2020-06-26 16:31:30.457,-91,1,-97,dev,51:DF:D7:A1:57:38,46EA4D76538F0AE81DA84904730FCDC7
2020-06-26 16:31:30.608,-86,1,-92,dev,5E:B8:53:56:60:AE,27D4DA4A69FC09963EED99B08EF134A3
2020-06-26 16:31:30.749,-90,1,-96,dev,51:DF:D7:A1:57:38,46EA4D76538F0AE81DA84904730FCDC7
2020-06-26 16:31:30.864,-86,1,-92,dev,5E:B8:53:56:60:AE,27D4DA4A69FC09963EED99B08EF134A3
2020-06-26 16:31:31.038,-90,1,-96,dev,51:DF:D7:A1:57:38,46EA4D76538F0AE81DA84904730FCDC7
2020-06-26 16:31:31.125,-85,1,-91,dev,5E:B8:53:56:60:AE,27D4DA4A69FC09963EED99B08EF134A3
2020-06-26 16:31:31.336,-91,1,-97,dev,51:DF:D7:A1:57:38,46EA4D76538F0AE81DA84904730FCDC7
2020-06-26 16:31:31.377,-85,1,-91,dev,5E:B8:53:56:60:AE,27D4DA4A69FC09963EED99B08EF134A3
2020-06-26 16:31:31.626,-74,1,-80,dev,51:DF:D7:A1:57:38,46EA4D76538F0AE81DA84904730FCDC7
2020-06-26 16:31:31.629,-76,1,-82,dev,5E:B8:53:56:60:AE,27D4DA4A69FC09963EED99B08EF134A3
2020-06-26 16:31:31.911,-74,1,-80,dev,51:DF:D7:A1:57:38,46EA4D76538F0AE81DA84904730FCDC7
2020-06-26 16:31:31.914,-76,1,-82,dev,5E:B8:53:56:60:AE,27D4DA4A69FC09963EED99B08EF134A3
2020-06-26 16:31:32.184,-77,1,-83,dev,5E:B8:53:56:60:AE,27D4DA4A69FC09963EED99B08EF134A3
2020-06-26 16:31:32.187,-75,1,-81,dev,51:DF:D7:A1:57:38,46EA4D76538F0AE81DA84904730FCDC7
2020-06-26 16:31:32.446,-77,1,-83,dev,5E:B8:53:56:60:AE,27D4DA4A69FC09963EED99B08EF134A3
2020-06-26 16:31:32.460,-74,1,-80,dev,51:DF:D7:A1:57:38,46EA4D76538F0AE81DA84904730FCDC7
2020-06-26 16:31:32.704,-77,1,-83,dev,5E:B8:53:56:60:AE,27D4DA4A69FC09963EED99B08EF134A3
2020-06-26 16:31:32.758,-74,1,-80,dev,51:DF:D7:A1:57:38,46EA4D76538F0AE81DA84904730FCDC7
2020-06-26 16:31:32.965,-71,1,-77,dev,5E:B8:53:56:60:AE,27D4DA4A69FC09963EED99B08EF134A3
2020-06-26 16:31:33.051,-76,1,-82,dev,51:DF:D7:A1:57:38,46EA4D76538F0AE81DA84904730FCDC7
2020-06-26 16:31:33.211,-71,1,-77,dev,5E:B8:53:56:60:AE,27D4DA4A69FC09963EED99B08EF134A3
2020-06-26 16:31:33.314,-76,1,-82,dev,51:DF:D7:A1:57:38,46EA4D76538F0AE81DA84904730FCDC7
2020-06-26 16:31:33.475,-71,1,-77,dev,5E:B8:53:56:60:AE,27D4DA4A69FC09963EED99B08EF134A3
2020-06-26 16:31:33.617,-76,1,-82,dev,51:DF:D7:A1:57:38,46EA4D76538F0AE81DA84904730FCDC7
2020-06-26 16:31:33.739,-71,1,-77,dev,5E:B8:53:56:60:AE,27D4DA4A69FC09963EED99B08EF134A3
2020-06-26 16:31:33.901,-76,1,-82,dev,51:DF:D7:A1:57:38,46EA4D76538F0AE81DA84904730FCDC7
2020-06-26 16:31:33.999,-72,1,-78,dev,5E:B8:53:56:60:AE,27D4DA4A69FC09963EED99B08EF134A3
2020-06-26 16:36:09.280,-84,1,-90,dev,6A:0A:AC:20:09:A7,27D4DA4A69FC09963EED99B08EF134A3
2020-06-26 16:36:09.289,-92,1,-98,dev,51:DF:D7:A1:57:38,46EA4D76538F0AE81DA84904730FCDC7
2020-06-26 16:36:09.810,-83,1,-89,dev,6A:0A:AC:20:09:A7,27D4DA4A69FC09963EED99B08EF134A3
2020-06-26 16:36:09.879,-91,1,-97,dev,51:DF:D7:A1:57:38,46EA4D76538F0AE81DA84904730FCDC7
2020-06-26 16:36:10.157,-91,1,-97,dev,51:DF:D7:A1:57:38,46EA4D76538F0AE81DA84904730FCDC7
2020-06-26 16:36:10.615,-78,1,-84,dev,6A:0A:AC:20:09:A7,27D4DA4A69FC09963EED99B08EF134A3
2020-06-26 16:36:10.727,-74,1,-80,dev,51:DF:D7:A1:57:38,46EA4D76538F0AE81DA84904730FCDC7
2020-06-26 16:36:10.862,-78,1,-84,dev,6A:0A:AC:20:09:A7,27D4DA4A69FC09963EED99B08EF134A3
2020-06-26 16:36:11.014,-74,1,-80,dev,51:DF:D7:A1:57:38,46EA4D76538F0AE81DA84904730FCDC7
2020-06-26 16:36:11.326,-74,1,-80,dev,51:DF:D7:A1:57:38,46EA4D76538F0AE81DA84904730FCDC7
2020-06-26 16:36:11.380,-78,1,-84,dev,6A:0A:AC:20:09:A7,27D4DA4A69FC09963EED99B08EF134A3
2020-06-26 16:36:11.598,-74,1,-80,dev,51:DF:D7:A1:57:38,46EA4D76538F0AE81DA84904730FCDC7
2020-06-26 16:36:11.623,-78,1,-84,dev,6A:0A:AC:20:09:A7,27D4DA4A69FC09963EED99B08EF134A3
2020-06-26 16:36:11.886,-76,1,-82,dev,51:DF:D7:A1:57:38,46EA4D76538F0AE81DA84904730FCDC7
2020-06-26 16:36:11.897,-70,1,-76,dev,6A:0A:AC:20:09:A7,27D4DA4A69FC09963EED99B08EF134A3
2020-06-26 16:36:12.174,-76,1,-82,dev,51:DF:D7:A1:57:38,46EA4D76538F0AE81DA84904730FCDC7
2020-06-26 16:36:12.465,-75,1,-81,dev,51:DF:D7:A1:57:38,46EA4D76538F0AE81DA84904730FCDC7
2020-06-26 16:36:12.740,-75,1,-81,dev,51:DF:D7:A1:57:38,46EA4D76538F0AE81DA84904730FCDC7
2020-06-26 16:36:12.958,-70,1,-76,dev,6A:0A:AC:20:09:A7,27D4DA4A69FC09963EED99B08EF134A3
2020-06-26 16:36:13.008,-76,1,-82,dev,51:DF:D7:A1:57:38,46EA4D76538F0AE81DA84904730FCDC7
2020-06-26 16:40:12.364,-82,1,-88,dev,5A:D3:F6:2D:E6:07,C84EAAB0FC994B6B410D2551A651CADE
2020-06-26 16:40:12.474,-90,1,-96,dev,51:DF:D7:A1:57:38,B210CDB9E1380A123ED8AE36BA326F2D
2020-06-26 16:40:12.635,-83,1,-89,dev,5A:D3:F6:2D:E6:07,C84EAAB0FC994B6B410D2551A651CADE
2020-06-26 16:40:12.755,-90,1,-96,dev,51:DF:D7:A1:57:38,B210CDB9E1380A123ED8AE36BA326F2D
2020-06-26 16:40:12.902,-83,1,-89,dev,5A:D3:F6:2D:E6:07,C84EAAB0FC994B6B410D2551A651CADE
2020-06-26 16:40:13.047,-91,1,-97,dev,51:DF:D7:A1:57:38,B210CDB9E1380A123ED8AE36BA326F2D
2020-06-26 16:40:13.161,-83,1,-89,dev,5A:D3:F6:2D:E6:07,C84EAAB0FC994B6B410D2551A651CADE
2020-06-26 16:40:13.342,-92,1,-98,dev,51:DF:D7:A1:57:38,B210CDB9E1380A123ED8AE36BA326F2D
2020-06-26 16:40:13.427,-82,1,-88,dev,5A:D3:F6:2D:E6:07,C84EAAB0FC994B6B410D2551A651CADE
2020-06-26 16:40:13.634,-74,1,-80,dev,51:DF:D7:A1:57:38,B210CDB9E1380A123ED8AE36BA326F2D
2020-06-26 16:40:13.678,-78,1,-84,dev,5A:D3:F6:2D:E6:07,C84EAAB0FC994B6B410D2551A651CADE
2020-06-26 16:40:13.924,-74,1,-80,dev,51:DF:D7:A1:57:38,B210CDB9E1380A123ED8AE36BA326F2D
2020-06-26 16:40:13.936,-78,1,-84,dev,5A:D3:F6:2D:E6:07,C84EAAB0FC994B6B410D2551A651CADE
2020-06-26 16:40:14.216,-74,1,-80,dev,51:DF:D7:A1:57:38,B210CDB9E1380A123ED8AE36BA326F2D
2020-06-26 16:40:14.219,-78,1,-84,dev,5A:D3:F6:2D:E6:07,C84EAAB0FC994B6B410D2551A651CADE
2020-06-26 16:40:14.481,-74,1,-80,dev,51:DF:D7:A1:57:38,B210CDB9E1380A123ED8AE36BA326F2D
2020-06-26 16:40:14.783,-74,1,-80,dev,51:DF:D7:A1:57:38,B210CDB9E1380A123ED8AE36BA326F2D
2020-06-26 16:40:14.999,-70,1,-76,dev,5A:D3:F6:2D:E6:07,C84EAAB0FC994B6B410D2551A651CADE
2020-06-26 16:40:15.050,-76,1,-82,dev,51:DF:D7:A1:57:38,B210CDB9E1380A123ED8AE36BA326F2D
2020-06-26 16:40:15.266,-70,1,-76,dev,5A:D3:F6:2D:E6:07,C84EAAB0FC994B6B410D2551A651CADE
2020-06-26 16:40:15.333,-76,1,-82,dev,51:DF:D7:A1:57:38,B210CDB9E1380A123ED8AE36BA326F2D
2020-06-26 16:40:15.524,-70,1,-76,dev,5A:D3:F6:2D:E6:07,C84EAAB0FC994B6B410D2551A651CADE
2020-06-26 16:40:15.626,-76,1,-82,dev,51:DF:D7:A1:57:38,B210CDB9E1380A123ED8AE36BA326F2D
2020-06-26 16:40:15.928,-76,1,-82,dev,51:DF:D7:A1:57:38,B210CDB9E1380A123ED8AE36BA326F2D
2020-06-26 16:40:16.039,-70,1,-76,dev,5A:D3:F6:2D:E6:07,C84EAAB0FC994B6B410D2551A651CADE
