2020-06-10 12:34:50.379,-53,1,-57,dev,55:B3:11:57:F7:C9,C47DB6406EC16B95F16EFC6013CCCED8
2020-06-10 12:34:50.735,-53,1,-57,dev,55:B3:11:57:F7:C9,C47DB6406EC16B95F16EFC6013CCCED8
2020-06-10 12:34:50.813,-53,1,-57,dev,55:B3:11:57:F7:C9,C47DB6406EC16B95F16EFC6013CCCED8
2020-06-10 12:34:50.830,-53,1,-57,dev,55:B3:11:57:F7:C9,C47DB6406EC16B95F16EFC6013CCCED8
2020-06-10 12:34:51.081,-52,1,-56,dev,55:B3:11:57:F7:C9,C47DB6406EC16B95F16EFC6013CCCED8
2020-06-10 12:34:51.343,-54,1,-58,dev,55:B3:11:57:F7:C9,C47DB6406EC16B95F16EFC6013CCCED8
2020-06-10 12:34:51.608,-52,1,-56,dev,55:B3:11:57:F7:C9,C47DB6406EC16B95F16EFC6013CCCED8
2020-06-10 12:34:51.867,-54,1,-58,dev,55:B3:11:57:F7:C9,C47DB6406EC16B95F16EFC6013CCCED8
2020-06-10 12:34:52.125,-55,1,-59,dev,55:B3:11:57:F7:C9,C47DB6406EC16B95F16EFC6013CCCED8
2020-06-10 12:34:52.389,-51,1,-55,dev,55:B3:11:57:F7:C9,C47DB6406EC16B95F16EFC6013CCCED8
2020-06-10 12:34:52.647,-51,1,-55,dev,55:B3:11:57:F7:C9,C47DB6406EC16B95F16EFC6013CCCED8
2020-06-10 12:34:52.907,-51,1,-55,dev,55:B3:11:57:F7:C9,C47DB6406EC16B95F16EFC6013CCCED8
2020-06-10 12:34:53.162,-54,1,-58,dev,55:B3:11:57:F7:C9,C47DB6406EC16B95F16EFC6013CCCED8
2020-06-10 12:34:53.454,-55,1,-59,dev,55:B3:11:57:F7:C9,C47DB6406EC16B95F16EFC6013CCCED8
2020-06-10 12:34:53.689,-44,1,-48,dev,55:B3:11:57:F7:C9,C47DB6406EC16B95F16EFC6013CCCED8
2020-06-10 12:34:53.957,-43,1,-47,dev,55:B3:11:57:F7:C9,C47DB6406EC16B95F16EFC6013CCCED8
2020-06-10 12:38:34.810,-49,1,-53,dev,55:B3:11:57:F7:C9,C47DB6406EC16B95F16EFC6013CCCED8
2020-06-10 12:38:35.338,-49,1,-53,dev,55:B3:11:57:F7:C9,C47DB6406EC16B95F16EFC6013CCCED8
2020-06-10 12:38:35.607,-50,1,-54,dev,55:B3:11:57:F7:C9,C47DB6406EC16B95F16EFC6013CCCED8
2020-06-10 12:38:35.861,-50,1,-54,dev,55:B3:11:57:F7:C9,C47DB6406EC16B95F16EFC6013CCCED8
2020-06-10 12:38:36.134,-50,1,-54,dev,55:B3:11:57:F7:C9,C47DB6406EC16B95F16EFC6013CCCED8
2020-06-10 12:38:36.406,-50,1,-54,dev,55:B3:11:57:F7:C9,C47DB6406EC16B95F16EFC6013CCCED8
2020-06-10 12:38:36.661,-50,1,-54,dev,55:B3:11:57:F7:C9,C47DB6406EC16B95F16EFC6013CCCED8
2020-06-10 12:38:36.905,-49,1,-53,dev,55:B3:11:57:F7:C9,C47DB6406EC16B95F16EFC6013CCCED8
2020-06-10 12:38:37.168,-49,1,-53,dev,55:B3:11:57:F7:C9,C47DB6406EC16B95F16EFC6013CCCED8
2020-06-10 12:38:37.443,-49,1,-53,dev,55:B3:11:57:F7:C9,C47DB6406EC16B95F16EFC6013CCCED8
2020-06-10 12:38:37.692,-83,1,-87,dev,55:B3:11:57:F7:C9,C47DB6406EC16B95F16EFC6013CCCED8
2020-06-10 12:38:37.955,-49,1,-53,dev,55:B3:11:57:F7:C9,C47DB6406EC16B95F16EFC6013CCCED8
2020-06-10 12:38:38.214,-49,1,-53,dev,55:B3:11:57:F7:C9,C47DB6406EC16B95F16EFC6013CCCED8
2020-06-10 12:38:38.459,-50,1,-54,dev,55:B3:11:57:F7:C9,C47DB6406EC16B95F16EFC6013CCCED8
2020-06-10 12:43:05.881,-58,1,-62,dev,71:F9:41:7D:AF:EF,2F574467239B00E09CE129307FBACDE8
2020-06-10 12:43:06.151,-58,1,-62,dev,71:F9:41:7D:AF:EF,2F574467239B00E09CE129307FBACDE8
2020-06-10 12:43:06.420,-59,1,-63,dev,71:F9:41:7D:AF:EF,2F574467239B00E09CE129307FBACDE8
2020-06-10 12:43:06.676,-58,1,-62,dev,71:F9:41:7D:AF:EF,2F574467239B00E09CE129307FBACDE8
2020-06-10 12:43:06.953,-58,1,-62,dev,71:F9:41:7D:AF:EF,2F574467239B00E09CE129307FBACDE8
2020-06-10 12:43:07.220,-58,1,-62,dev,71:F9:41:7D:AF:EF,2F574467239B00E09CE129307FBACDE8
2020-06-10 12:43:07.469,-58,1,-62,dev,71:F9:41:7D:AF:EF,2F574467239B00E09CE129307FBACDE8
2020-06-10 12:43:07.729,-58,1,-62,dev,71:F9:41:7D:AF:EF,2F574467239B00E09CE129307FBACDE8
2020-06-10 12:43:07.995,-58,1,-62,dev,71:F9:41:7D:AF:EF,2F574467239B00E09CE129307FBACDE8
2020-06-10 12:43:08.251,-59,1,-63,dev,71:F9:41:7D:AF:EF,2F574467239B00E09CE129307FBACDE8
2020-06-10 12:43:08.494,-58,1,-62,dev,71:F9:41:7D:AF:EF,2F574467239B00E09CE129307FBACDE8
2020-06-10 12:43:08.766,-59,1,-63,dev,71:F9:41:7D:AF:EF,2F574467239B00E09CE129307FBACDE8
2020-06-10 12:43:09.024,-58,1,-62,dev,71:F9:41:7D:AF:EF,2F574467239B00E09CE129307FBACDE8
2020-06-10 12:43:09.288,-59,1,-63,dev,71:F9:41:7D:AF:EF,2F574467239B00E09CE129307FBACDE8
2020-06-10 12:43:09.552,-58,1,-62,dev,71:F9:41:7D:AF:EF,2F574467239B00E09CE129307FBACDE8
2020-06-10 12:47:37.095,-59,1,-63,dev,7A:D9:19:D1:51:6A,2F574467239B00E09CE129307FBACDE8
2020-06-10 12:47:37.357,-59,1,-63,dev,7A:D9:19:D1:51:6A,2F574467239B00E09CE129307FBACDE8
2020-06-10 12:47:37.619,-59,1,-63,dev,7A:D9:19:D1:51:6A,2F574467239B00E09CE129307FBACDE8
2020-06-10 12:47:37.882,-58,1,-62,dev,7A:D9:19:D1:51:6A,2F574467239B00E09CE129307FBACDE8
2020-06-10 12:47:38.142,-58,1,-62,dev,7A:D9:19:D1:51:6A,2F574467239B00E09CE129307FBACDE8
2020-06-10 12:47:38.405,-59,1,-63,dev,7A:D9:19:D1:51:6A,2F574467239B00E09CE129307FBACDE8
2020-06-10 12:47:38.666,-59,1,-63,dev,7A:D9:19:D1:51:6A,2F574467239B00E09CE129307FBACDE8
2020-06-10 12:47:38.923,-58,1,-62,dev,7A:D9:19:D1:51:6A,2F574467239B00E09CE129307FBACDE8
2020-06-10 12:47:39.186,-58,1,-62,dev,7A:D9:19:D1:51:6A,2F574467239B00E09CE129307FBACDE8
2020-06-10 12:47:39.448,-59,1,-63,dev,7A:D9:19:D1:51:6A,2F574467239B00E09CE129307FBACDE8
2020-06-10 12:47:39.722,-58,1,-62,dev,7A:D9:19:D1:51:6A,2F574467239B00E09CE129307FBACDE8
2020-06-10 12:47:39.987,-58,1,-62,dev,7A:D9:19:D1:51:6A,2F574467239B00E09CE129307FBACDE8
2020-06-10 12:47:40.238,-59,1,-63,dev,7A:D9:19:D1:51:6A,2F574467239B00E09CE129307FBACDE8
2020-06-10 12:47:40.487,-59,1,-63,dev,7A:D9:19:D1:51:6A,2F574467239B00E09CE129307FBACDE8
2020-06-10 12:52:03.867,-59,1,-63,dev,7A:D9:19:D1:51:6A,2F574467239B00E09CE129307FBACDE8
2020-06-10 12:52:04.156,-58,1,-62,dev,7A:D9:19:D1:51:6A,2F574467239B00E09CE129307FBACDE8
2020-06-10 12:52:04.400,-59,1,-63,dev,7A:D9:19:D1:51:6A,2F574467239B00E09CE129307FBACDE8
2020-06-10 12:52:04.658,-59,1,-63,dev,7A:D9:19:D1:51:6A,2F574467239B00E09CE129307FBACDE8
2020-06-10 12:52:04.932,-58,1,-62,dev,7A:D9:19:D1:51:6A,2F574467239B00E09CE129307FBACDE8
2020-06-10 12:52:05.192,-59,1,-63,dev,7A:D9:19:D1:51:6A,2F574467239B00E09CE129307FBACDE8
2020-06-10 12:52:05.461,-59,1,-63,dev,7A:D9:19:D1:51:6A,2F574467239B00E09CE129307FBACDE8
2020-06-10 12:52:05.731,-59,1,-63,dev,7A:D9:19:D1:51:6A,2F574467239B00E09CE129307FBACDE8
2020-06-10 12:52:05.984,-59,1,-63,dev,7A:D9:19:D1:51:6A,2F574467239B00E09CE129307FBACDE8
2020-06-10 12:52:06.230,-59,1,-63,dev,7A:D9:19:D1:51:6A,2F574467239B00E09CE129307FBACDE8
2020-06-10 12:52:06.506,-59,1,-63,dev,7A:D9:19:D1:51:6A,2F574467239B00E09CE129307FBACDE8
2020-06-10 12:52:06.760,-59,1,-63,dev,7A:D9:19:D1:51:6A,2F574467239B00E09CE129307FBACDE8
2020-06-10 12:52:07.025,-59,1,-63,dev,7A:D9:19:D1:51:6A,2F574467239B00E09CE129307FBACDE8
2020-06-10 12:52:07.287,-59,1,-63,dev,7A:D9:19:D1:51:6A,2F574467239B00E09CE129307FBACDE8
2020-06-10 12:52:07.541,-59,1,-63,dev,7A:D9:19:D1:51:6A,2F574467239B00E09CE129307FBACDE8
2020-06-10 12:52:07.805,-58,1,-62,dev,7A:D9:19:D1:51:6A,2F574467239B00E09CE129307FBACDE8
2020-06-10 12:56:12.876,-58,1,-62,dev,71:F9:41:7D:AF:EF,2F574467239B00E09CE129307FBACDE8
2020-06-10 12:56:13.136,-59,1,-63,dev,71:F9:41:7D:AF:EF,2F574467239B00E09CE129307FBACDE8
2020-06-10 12:56:13.398,-59,1,-63,dev,71:F9:41:7D:AF:EF,2F574467239B00E09CE129307FBACDE8
2020-06-10 12:56:13.659,-58,1,-62,dev,71:F9:41:7D:AF:EF,2F574467239B00E09CE129307FBACDE8
2020-06-10 12:56:13.919,-58,1,-62,dev,71:F9:41:7D:AF:EF,2F574467239B00E09CE129307FBACDE8
2020-06-10 12:56:14.197,-58,1,-62,dev,71:F9:41:7D:AF:EF,2F574467239B00E09CE129307FBACDE8
2020-06-10 12:56:14.450,-58,1,-62,dev,71:F9:41:7D:AF:EF,2F574467239B00E09CE129307FBACDE8
2020-06-10 12:56:14.727,-59,1,-63,dev,71:F9:41:7D:AF:EF,2F574467239B00E09CE129307FBACDE8
2020-06-10 12:56:14.989,-59,1,-63,dev,71:F9:41:7D:AF:EF,2F574467239B00E09CE129307FBACDE8
2020-06-10 12:56:15.517,-59,1,-63,dev,71:F9:41:7D:AF:EF,2F574467239B00E09CE129307FBACDE8
2020-06-10 12:56:15.778,-59,1,-63,dev,71:F9:41:7D:AF:EF,2F574467239B00E09CE129307FBACDE8
2020-06-10 12:56:16.040,-59,1,-63,dev,71:F9:41:7D:AF:EF,2F574467239B00E09CE129307FBACDE8
2020-06-10 12:56:16.304,-59,1,-63,dev,71:F9:41:7D:AF:EF,2F574467239B00E09CE129307FBACDE8
2020-06-10 12:56:16.558,-59,1,-63,dev,71:F9:41:7D:AF:EF,2F574467239B00E09CE129307FBACDE8
2020-06-10 13:00:35.053,-59,1,-63,dev,79:17:D1:35:C4:F9,2F574467239B00E09CE129307FBACDE8
2020-06-10 13:00:35.318,-58,1,-62,dev,79:17:D1:35:C4:F9,2F574467239B00E09CE129307FBACDE8
2020-06-10 13:00:35.571,-58,1,-62,dev,79:17:D1:35:C4:F9,2F574467239B00E09CE129307FBACDE8
2020-06-10 13:00:35.833,-59,1,-63,dev,79:17:D1:35:C4:F9,2F574467239B00E09CE129307FBACDE8
2020-06-10 13:00:36.112,-59,1,-63,dev,79:17:D1:35:C4:F9,2F574467239B00E09CE129307FBACDE8
2020-06-10 13:00:36.370,-59,1,-63,dev,79:17:D1:35:C4:F9,2F574467239B00E09CE129307FBACDE8
2020-06-10 13:00:36.633,-58,1,-62,dev,79:17:D1:35:C4:F9,2F574467239B00E09CE129307FBACDE8
2020-06-10 13:00:36.894,-58,1,-62,dev,79:17:D1:35:C4:F9,2F574467239B00E09CE129307FBACDE8
2020-06-10 13:00:37.166,-59,1,-63,dev,79:17:D1:35:C4:F9,2F574467239B00E09CE129307FBACDE8
2020-06-10 13:00:37.418,-59,1,-63,dev,79:17:D1:35:C4:F9,2F574467239B00E09CE129307FBACDE8
2020-06-10 13:00:37.663,-59,1,-63,dev,79:17:D1:35:C4:F9,2F574467239B00E09CE129307FBACDE8
2020-06-10 13:00:37.918,-59,1,-63,dev,79:17:D1:35:C4:F9,2F574467239B00E09CE129307FBACDE8
2020-06-10 13:00:38.448,-59,1,-63,dev,79:17:D1:35:C4:F9,2F574467239B00E09CE129307FBACDE8
2020-06-10 13:00:38.705,-59,1,-63,dev,79:17:D1:35:C4:F9,2F574467239B00E09CE129307FBACDE8
2020-06-10 13:04:58.871,-59,1,-63,dev,79:17:D1:35:C4:F9,2F574467239B00E09CE129307FBACDE8
2020-06-10 13:04:59.393,-60,1,-64,dev,79:17:D1:35:C4:F9,2F574467239B00E09CE129307FBACDE8
2020-06-10 13:04:59.659,-60,1,-64,dev,79:17:D1:35:C4:F9,2F574467239B00E09CE129307FBACDE8
2020-06-10 13:04:59.916,-59,1,-63,dev,79:17:D1:35:C4:F9,2F574467239B00E09CE129307FBACDE8
2020-06-10 13:05:00.178,-60,1,-64,dev,79:17:D1:35:C4:F9,2F574467239B00E09CE129307FBACDE8
2020-06-10 13:05:00.462,-60,1,-64,dev,79:17:D1:35:C4:F9,2F574467239B00E09CE129307FBACDE8
2020-06-10 13:05:00.710,-60,1,-64,dev,79:17:D1:35:C4:F9,2F574467239B00E09CE129307FBACDE8
2020-06-10 13:05:00.980,-59,1,-63,dev,79:17:D1:35:C4:F9,2F574467239B00E09CE129307FBACDE8
2020-06-10 13:05:01.226,-59,1,-63,dev,79:17:D1:35:C4:F9,2F574467239B00E09CE129307FBACDE8
2020-06-10 13:05:01.503,-59,1,-63,dev,79:17:D1:35:C4:F9,2F574467239B00E09CE129307FBACDE8
2020-06-10 13:05:01.762,-60,1,-64,dev,79:17:D1:35:C4:F9,2F574467239B00E09CE129307FBACDE8
2020-06-10 13:05:02.028,-59,1,-63,dev,79:17:D1:35:C4:F9,2F574467239B00E09CE129307FBACDE8
2020-06-10 13:05:02.267,-59,1,-63,dev,79:17:D1:35:C4:F9,2F574467239B00E09CE129307FBACDE8
2020-06-10 13:05:02.544,-59,1,-63,dev,79:17:D1:35:C4:F9,2F574467239B00E09CE129307FBACDE8
2020-06-10 13:09:44.053,-60,1,-64,dev,77:F0:F3:0F:2D:E7,2F574467239B00E09CE129307FBACDE8
2020-06-10 13:09:44.311,-60,1,-64,dev,77:F0:F3:0F:2D:E7,2F574467239B00E09CE129307FBACDE8
2020-06-10 13:09:44.846,-60,1,-64,dev,77:F0:F3:0F:2D:E7,2F574467239B00E09CE129307FBACDE8
2020-06-10 13:09:45.115,-60,1,-64,dev,77:F0:F3:0F:2D:E7,2F574467239B00E09CE129307FBACDE8
2020-06-10 13:09:45.370,-60,1,-64,dev,77:F0:F3:0F:2D:E7,2F574467239B00E09CE129307FBACDE8
2020-06-10 13:09:45.624,-60,1,-64,dev,77:F0:F3:0F:2D:E7,2F574467239B00E09CE129307FBACDE8
2020-06-10 13:09:45.886,-60,1,-64,dev,77:F0:F3:0F:2D:E7,2F574467239B00E09CE129307FBACDE8
2020-06-10 13:09:46.140,-60,1,-64,dev,77:F0:F3:0F:2D:E7,2F574467239B00E09CE129307FBACDE8
2020-06-10 13:09:46.408,-60,1,-64,dev,77:F0:F3:0F:2D:E7,2F574467239B00E09CE129307FBACDE8
2020-06-10 13:09:46.651,-60,1,-64,dev,77:F0:F3:0F:2D:E7,2F574467239B00E09CE129307FBACDE8
2020-06-10 13:09:46.924,-60,1,-64,dev,77:F0:F3:0F:2D:E7,2F574467239B00E09CE129307FBACDE8
2020-06-10 13:09:47.188,-60,1,-64,dev,77:F0:F3:0F:2D:E7,2F574467239B00E09CE129307FBACDE8
2020-06-10 13:09:47.449,-60,1,-64,dev,77:F0:F3:0F:2D:E7,2F574467239B00E09CE129307FBACDE8
2020-06-10 13:09:47.704,-60,1,-64,dev,77:F0:F3:0F:2D:E7,2F574467239B00E09CE129307FBACDE8
2020-06-10 13:13:53.983,-60,1,-64,dev,77:F0:F3:0F:2D:E7,2F574467239B00E09CE129307FBACDE8
2020-06-10 13:13:54.246,-60,1,-64,dev,77:F0:F3:0F:2D:E7,2F574467239B00E09CE129307FBACDE8
2020-06-10 13:13:54.507,-60,1,-64,dev,77:F0:F3:0F:2D:E7,2F574467239B00E09CE129307FBACDE8
2020-06-10 13:13:54.765,-60,1,-64,dev,77:F0:F3:0F:2D:E7,2F574467239B00E09CE129307FBACDE8
2020-06-10 13:13:55.042,-60,1,-64,dev,77:F0:F3:0F:2D:E7,2F574467239B00E09CE129307FBACDE8
2020-06-10 13:13:55.308,-59,1,-63,dev,77:F0:F3:0F:2D:E7,2F574467239B00E09CE129307FBACDE8
2020-06-10 13:13:55.563,-60,1,-64,dev,77:F0:F3:0F:2D:E7,2F574467239B00E09CE129307FBACDE8
2020-06-10 13:13:55.823,-60,1,-64,dev,77:F0:F3:0F:2D:E7,2F574467239B00E09CE129307FBACDE8
2020-06-10 13:13:56.079,-60,1,-64,dev,77:F0:F3:0F:2D:E7,2F574467239B00E09CE129307FBACDE8
2020-06-10 13:13:56.340,-60,1,-64,dev,77:F0:F3:0F:2D:E7,2F574467239B00E09CE129307FBACDE8
2020-06-10 13:13:56.600,-60,1,-64,dev,77:F0:F3:0F:2D:E7,2F574467239B00E09CE129307FBACDE8
2020-06-10 13:13:56.865,-59,1,-63,dev,77:F0:F3:0F:2D:E7,2F574467239B00E09CE129307FBACDE8
2020-06-10 13:13:57.126,-60,1,-64,dev,77:F0:F3:0F:2D:E7,2F574467239B00E09CE129307FBACDE8
2020-06-10 13:13:57.378,-60,1,-64,dev,77:F0:F3:0F:2D:E7,2F574467239B00E09CE129307FBACDE8
2020-06-10 13:13:57.631,-60,1,-64,dev,77:F0:F3:0F:2D:E7,2F574467239B00E09CE129307FBACDE8
2020-06-10 13:48:16.819,-60,1,-64,dev,48:3E:E4:23:8B:23,AAE80EC687B060D7E22AAF16CF7524C5
2020-06-10 13:48:17.082,-60,1,-64,dev,48:3E:E4:23:8B:23,AAE80EC687B060D7E22AAF16CF7524C5
2020-06-10 13:48:17.347,-60,1,-64,dev,48:3E:E4:23:8B:23,AAE80EC687B060D7E22AAF16CF7524C5
2020-06-10 13:48:17.604,-60,1,-64,dev,48:3E:E4:23:8B:23,AAE80EC687B060D7E22AAF16CF7524C5
2020-06-10 13:48:17.860,-60,1,-64,dev,48:3E:E4:23:8B:23,AAE80EC687B060D7E22AAF16CF7524C5
2020-06-10 13:48:18.136,-60,1,-64,dev,48:3E:E4:23:8B:23,AAE80EC687B060D7E22AAF16CF7524C5
2020-06-10 13:48:18.388,-60,1,-64,dev,48:3E:E4:23:8B:23,AAE80EC687B060D7E22AAF16CF7524C5
2020-06-10 13:48:18.655,-60,1,-64,dev,48:3E:E4:23:8B:23,AAE80EC687B060D7E22AAF16CF7524C5
2020-06-10 13:48:18.905,-60,1,-64,dev,48:3E:E4:23:8B:23,AAE80EC687B060D7E22AAF16CF7524C5
2020-06-10 13:48:19.183,-60,1,-64,dev,48:3E:E4:23:8B:23,AAE80EC687B060D7E22AAF16CF7524C5
2020-06-10 13:48:19.448,-60,1,-64,dev,48:3E:E4:23:8B:23,AAE80EC687B060D7E22AAF16CF7524C5
2020-06-10 13:48:19.710,-60,1,-64,dev,48:3E:E4:23:8B:23,AAE80EC687B060D7E22AAF16CF7524C5
2020-06-10 13:48:19.971,-60,1,-64,dev,48:3E:E4:23:8B:23,AAE80EC687B060D7E22AAF16CF7524C5
2020-06-10 13:48:20.236,-60,1,-64,dev,48:3E:E4:23:8B:23,AAE80EC687B060D7E22AAF16CF7524C5
2020-06-10 13:48:20.495,-60,1,-64,dev,48:3E:E4:23:8B:23,AAE80EC687B060D7E22AAF16CF7524C5
2020-06-10 13:52:42.813,-60,1,-64,dev,48:3E:E4:23:8B:23,74BA290E5819A6FA7A7DB0F7D8AF7217
2020-06-10 13:52:43.075,-60,1,-64,dev,48:3E:E4:23:8B:23,74BA290E5819A6FA7A7DB0F7D8AF7217
2020-06-10 13:52:43.334,-60,1,-64,dev,48:3E:E4:23:8B:23,74BA290E5819A6FA7A7DB0F7D8AF7217
2020-06-10 13:52:43.590,-60,1,-64,dev,48:3E:E4:23:8B:23,74BA290E5819A6FA7A7DB0F7D8AF7217
2020-06-10 13:52:43.856,-60,1,-64,dev,48:3E:E4:23:8B:23,74BA290E5819A6FA7A7DB0F7D8AF7217
2020-06-10 13:52:44.117,-60,1,-64,dev,48:3E:E4:23:8B:23,74BA290E5819A6FA7A7DB0F7D8AF7217
2020-06-10 13:52:44.377,-60,1,-64,dev,48:3E:E4:23:8B:23,74BA290E5819A6FA7A7DB0F7D8AF7217
2020-06-10 13:52:44.643,-60,1,-64,dev,48:3E:E4:23:8B:23,74BA290E5819A6FA7A7DB0F7D8AF7217
2020-06-10 13:52:44.900,-60,1,-64,dev,48:3E:E4:23:8B:23,74BA290E5819A6FA7A7DB0F7D8AF7217
2020-06-10 13:52:45.163,-60,1,-64,dev,48:3E:E4:23:8B:23,74BA290E5819A6FA7A7DB0F7D8AF7217
2020-06-10 13:52:45.426,-60,1,-64,dev,48:3E:E4:23:8B:23,74BA290E5819A6FA7A7DB0F7D8AF7217
2020-06-10 13:52:45.690,-60,1,-64,dev,48:3E:E4:23:8B:23,74BA290E5819A6FA7A7DB0F7D8AF7217
2020-06-10 13:52:45.946,-60,1,-64,dev,48:3E:E4:23:8B:23,74BA290E5819A6FA7A7DB0F7D8AF7217
2020-06-10 13:52:46.210,-60,1,-64,dev,48:3E:E4:23:8B:23,74BA290E5819A6FA7A7DB0F7D8AF7217
2020-06-10 13:52:46.471,-59,1,-63,dev,48:3E:E4:23:8B:23,74BA290E5819A6FA7A7DB0F7D8AF7217
2020-06-10 13:56:52.046,-60,1,-64,dev,48:3E:E4:23:8B:23,74BA290E5819A6FA7A7DB0F7D8AF7217
2020-06-10 13:56:52.311,-60,1,-64,dev,48:3E:E4:23:8B:23,74BA290E5819A6FA7A7DB0F7D8AF7217
2020-06-10 13:56:52.569,-60,1,-64,dev,48:3E:E4:23:8B:23,74BA290E5819A6FA7A7DB0F7D8AF7217
2020-06-10 13:56:52.832,-60,1,-64,dev,48:3E:E4:23:8B:23,74BA290E5819A6FA7A7DB0F7D8AF7217
2020-06-10 13:56:53.107,-60,1,-64,dev,48:3E:E4:23:8B:23,74BA290E5819A6FA7A7DB0F7D8AF7217
2020-06-10 13:56:53.624,-60,1,-64,dev,48:3E:E4:23:8B:23,74BA290E5819A6FA7A7DB0F7D8AF7217
2020-06-10 13:56:53.889,-60,1,-64,dev,48:3E:E4:23:8B:23,74BA290E5819A6FA7A7DB0F7D8AF7217
2020-06-10 13:56:54.154,-60,1,-64,dev,48:3E:E4:23:8B:23,74BA290E5819A6FA7A7DB0F7D8AF7217
2020-06-10 13:56:54.413,-60,1,-64,dev,48:3E:E4:23:8B:23,74BA290E5819A6FA7A7DB0F7D8AF7217
2020-06-10 13:56:54.652,-60,1,-64,dev,48:3E:E4:23:8B:23,74BA290E5819A6FA7A7DB0F7D8AF7217
2020-06-10 13:56:54.928,-60,1,-64,dev,48:3E:E4:23:8B:23,74BA290E5819A6FA7A7DB0F7D8AF7217
2020-06-10 13:56:55.190,-60,1,-64,dev,48:3E:E4:23:8B:23,74BA290E5819A6FA7A7DB0F7D8AF7217
2020-06-10 13:56:55.447,-60,1,-64,dev,48:3E:E4:23:8B:23,74BA290E5819A6FA7A7DB0F7D8AF7217
2020-06-10 14:01:44.782,-60,1,-64,dev,4C:22:AD:3C:E8:29,74BA290E5819A6FA7A7DB0F7D8AF7217
2020-06-10 14:01:45.042,-60,1,-64,dev,4C:22:AD:3C:E8:29,74BA290E5819A6FA7A7DB0F7D8AF7217
2020-06-10 14:01:45.304,-60,1,-64,dev,4C:22:AD:3C:E8:29,74BA290E5819A6FA7A7DB0F7D8AF7217
2020-06-10 14:01:45.568,-60,1,-64,dev,4C:22:AD:3C:E8:29,74BA290E5819A6FA7A7DB0F7D8AF7217
2020-06-10 14:01:45.831,-60,1,-64,dev,4C:22:AD:3C:E8:29,74BA290E5819A6FA7A7DB0F7D8AF7217
2020-06-10 14:01:46.107,-60,1,-64,dev,4C:22:AD:3C:E8:29,74BA290E5819A6FA7A7DB0F7D8AF7217
2020-06-10 14:01:46.370,-60,1,-64,dev,4C:22:AD:3C:E8:29,74BA290E5819A6FA7A7DB0F7D8AF7217
2020-06-10 14:01:46.629,-60,1,-64,dev,4C:22:AD:3C:E8:29,74BA290E5819A6FA7A7DB0F7D8AF7217
2020-06-10 14:01:46.895,-60,1,-64,dev,4C:22:AD:3C:E8:29,74BA290E5819A6FA7A7DB0F7D8AF7217
2020-06-10 14:01:47.155,-60,1,-64,dev,4C:22:AD:3C:E8:29,74BA290E5819A6FA7A7DB0F7D8AF7217
2020-06-10 14:01:47.409,-60,1,-64,dev,4C:22:AD:3C:E8:29,74BA290E5819A6FA7A7DB0F7D8AF7217
2020-06-10 14:01:47.670,-60,1,-64,dev,4C:22:AD:3C:E8:29,74BA290E5819A6FA7A7DB0F7D8AF7217
2020-06-10 14:01:47.932,-60,1,-64,dev,4C:22:AD:3C:E8:29,74BA290E5819A6FA7A7DB0F7D8AF7217
2020-06-10 14:01:48.193,-60,1,-64,dev,4C:22:AD:3C:E8:29,74BA290E5819A6FA7A7DB0F7D8AF7217
2020-06-10 14:01:48.448,-60,1,-64,dev,4C:22:AD:3C:E8:29,74BA290E5819A6FA7A7DB0F7D8AF7217
2020-06-10 14:06:48.801,-61,1,-65,dev,48:3E:E4:23:8B:23,74BA290E5819A6FA7A7DB0F7D8AF7217
2020-06-10 14:06:49.068,-61,1,-65,dev,48:3E:E4:23:8B:23,74BA290E5819A6FA7A7DB0F7D8AF7217
2020-06-10 14:06:49.329,-61,1,-65,dev,48:3E:E4:23:8B:23,74BA290E5819A6FA7A7DB0F7D8AF7217
2020-06-10 14:06:49.585,-61,1,-65,dev,48:3E:E4:23:8B:23,74BA290E5819A6FA7A7DB0F7D8AF7217
2020-06-10 14:06:49.850,-61,1,-65,dev,48:3E:E4:23:8B:23,74BA290E5819A6FA7A7DB0F7D8AF7217
2020-06-10 14:06:50.116,-61,1,-65,dev,48:3E:E4:23:8B:23,74BA290E5819A6FA7A7DB0F7D8AF7217
2020-06-10 14:06:50.378,-60,1,-64,dev,48:3E:E4:23:8B:23,74BA290E5819A6FA7A7DB0F7D8AF7217
2020-06-10 14:06:50.640,-61,1,-65,dev,48:3E:E4:23:8B:23,74BA290E5819A6FA7A7DB0F7D8AF7217
2020-06-10 14:06:50.909,-60,1,-64,dev,48:3E:E4:23:8B:23,74BA290E5819A6FA7A7DB0F7D8AF7217
2020-06-10 14:06:51.167,-61,1,-65,dev,48:3E:E4:23:8B:23,74BA290E5819A6FA7A7DB0F7D8AF7217
2020-06-10 14:06:51.453,-61,1,-65,dev,48:3E:E4:23:8B:23,74BA290E5819A6FA7A7DB0F7D8AF7217
2020-06-10 14:06:51.700,-61,1,-65,dev,48:3E:E4:23:8B:23,74BA290E5819A6FA7A7DB0F7D8AF7217
2020-06-10 14:06:51.952,-60,1,-64,dev,48:3E:E4:23:8B:23,74BA290E5819A6FA7A7DB0F7D8AF7217
2020-06-10 14:06:52.240,-60,1,-64,dev,48:3E:E4:23:8B:23,74BA290E5819A6FA7A7DB0F7D8AF7217
2020-06-10 14:06:52.496,-60,1,-64,dev,48:3E:E4:23:8B:23,74BA290E5819A6FA7A7DB0F7D8AF7217
2020-06-10 14:10:35.029,-60,1,-64,dev,48:3E:E4:23:8B:23,74BA290E5819A6FA7A7DB0F7D8AF7217
2020-06-10 14:10:35.548,-60,1,-64,dev,48:3E:E4:23:8B:23,74BA290E5819A6FA7A7DB0F7D8AF7217
2020-06-10 14:10:36.078,-60,1,-64,dev,48:3E:E4:23:8B:23,74BA290E5819A6FA7A7DB0F7D8AF7217
2020-06-10 14:10:36.348,-60,1,-64,dev,48:3E:E4:23:8B:23,74BA290E5819A6FA7A7DB0F7D8AF7217
2020-06-10 14:10:36.597,-60,1,-64,dev,48:3E:E4:23:8B:23,74BA290E5819A6FA7A7DB0F7D8AF7217
2020-06-10 14:10:36.875,-60,1,-64,dev,48:3E:E4:23:8B:23,74BA290E5819A6FA7A7DB0F7D8AF7217
2020-06-10 14:10:37.138,-60,1,-64,dev,48:3E:E4:23:8B:23,74BA290E5819A6FA7A7DB0F7D8AF7217
2020-06-10 14:10:37.390,-60,1,-64,dev,48:3E:E4:23:8B:23,74BA290E5819A6FA7A7DB0F7D8AF7217
2020-06-10 14:10:37.655,-60,1,-64,dev,48:3E:E4:23:8B:23,74BA290E5819A6FA7A7DB0F7D8AF7217
2020-06-10 14:10:37.923,-60,1,-64,dev,48:3E:E4:23:8B:23,74BA290E5819A6FA7A7DB0F7D8AF7217
2020-06-10 14:10:38.178,-60,1,-64,dev,48:3E:E4:23:8B:23,74BA290E5819A6FA7A7DB0F7D8AF7217
2020-06-10 14:10:38.444,-60,1,-64,dev,48:3E:E4:23:8B:23,74BA290E5819A6FA7A7DB0F7D8AF7217
2020-06-10 14:15:02.058,-60,1,-64,dev,48:3E:E4:23:8B:23,74BA290E5819A6FA7A7DB0F7D8AF7217
2020-06-10 14:15:02.329,-61,1,-65,dev,48:3E:E4:23:8B:23,74BA290E5819A6FA7A7DB0F7D8AF7217
2020-06-10 14:15:02.588,-60,1,-64,dev,48:3E:E4:23:8B:23,74BA290E5819A6FA7A7DB0F7D8AF7217
2020-06-10 14:15:02.845,-60,1,-64,dev,48:3E:E4:23:8B:23,74BA290E5819A6FA7A7DB0F7D8AF7217
2020-06-10 14:15:03.120,-61,1,-65,dev,48:3E:E4:23:8B:23,74BA290E5819A6FA7A7DB0F7D8AF7217
2020-06-10 14:15:03.384,-61,1,-65,dev,48:3E:E4:23:8B:23,74BA290E5819A6FA7A7DB0F7D8AF7217
2020-06-10 14:15:03.642,-60,1,-64,dev,48:3E:E4:23:8B:23,74BA290E5819A6FA7A7DB0F7D8AF7217
2020-06-10 14:15:03.897,-61,1,-65,dev,48:3E:E4:23:8B:23,74BA290E5819A6FA7A7DB0F7D8AF7217
2020-06-10 14:15:04.164,-60,1,-64,dev,48:3E:E4:23:8B:23,74BA290E5819A6FA7A7DB0F7D8AF7217
2020-06-10 14:15:04.402,-60,1,-64,dev,48:3E:E4:23:8B:23,74BA290E5819A6FA7A7DB0F7D8AF7217
2020-06-10 14:15:04.661,-61,1,-65,dev,48:3E:E4:23:8B:23,74BA290E5819A6FA7A7DB0F7D8AF7217
2020-06-10 14:15:04.931,-61,1,-65,dev,48:3E:E4:23:8B:23,74BA290E5819A6FA7A7DB0F7D8AF7217
2020-06-10 14:15:05.450,-61,1,-65,dev,48:3E:E4:23:8B:23,74BA290E5819A6FA7A7DB0F7D8AF7217
2020-06-10 14:15:05.712,-60,1,-64,dev,48:3E:E4:23:8B:23,74BA290E5819A6FA7A7DB0F7D8AF7217
2020-06-10 14:18:41.919,-61,1,-65,dev,52:DA:0B:10:4B:1A,74BA290E5819A6FA7A7DB0F7D8AF7217
2020-06-10 14:18:42.185,-61,1,-65,dev,52:DA:0B:10:4B:1A,74BA290E5819A6FA7A7DB0F7D8AF7217
2020-06-10 14:18:42.447,-61,1,-65,dev,52:DA:0B:10:4B:1A,74BA290E5819A6FA7A7DB0F7D8AF7217
2020-06-10 14:18:42.713,-60,1,-64,dev,52:DA:0B:10:4B:1A,74BA290E5819A6FA7A7DB0F7D8AF7217
2020-06-10 14:18:42.987,-60,1,-64,dev,52:DA:0B:10:4B:1A,74BA290E5819A6FA7A7DB0F7D8AF7217
2020-06-10 14:18:43.250,-61,1,-65,dev,52:DA:0B:10:4B:1A,74BA290E5819A6FA7A7DB0F7D8AF7217
2020-06-10 14:18:43.509,-61,1,-65,dev,52:DA:0B:10:4B:1A,74BA290E5819A6FA7A7DB0F7D8AF7217
2020-06-10 14:18:43.774,-61,1,-65,dev,52:DA:0B:10:4B:1A,74BA290E5819A6FA7A7DB0F7D8AF7217
2020-06-10 14:18:44.037,-60,1,-64,dev,52:DA:0B:10:4B:1A,74BA290E5819A6FA7A7DB0F7D8AF7217
2020-06-10 14:18:44.296,-61,1,-65,dev,52:DA:0B:10:4B:1A,74BA290E5819A6FA7A7DB0F7D8AF7217
2020-06-10 14:18:44.557,-61,1,-65,dev,52:DA:0B:10:4B:1A,74BA290E5819A6FA7A7DB0F7D8AF7217
2020-06-10 14:18:44.819,-60,1,-64,dev,52:DA:0B:10:4B:1A,74BA290E5819A6FA7A7DB0F7D8AF7217
2020-06-10 14:18:45.085,-60,1,-64,dev,52:DA:0B:10:4B:1A,74BA290E5819A6FA7A7DB0F7D8AF7217
2020-06-10 14:18:45.355,-60,1,-64,dev,52:DA:0B:10:4B:1A,74BA290E5819A6FA7A7DB0F7D8AF7217
2020-06-10 14:18:45.605,-60,1,-64,dev,52:DA:0B:10:4B:1A,74BA290E5819A6FA7A7DB0F7D8AF7217
