2020-06-09 14:46:10.824,-42,1,-46,dev,2C:2C:20:61:22:DF,A2E254939C99E0970D33DF9443063D75
2020-06-09 14:46:10.931,-63,1,-67,dev,5B:12:D3:0E:55:05,694C94936B4EBEA78226B011E71882B2
2020-06-09 14:46:10.967,-42,1,-46,dev,2C:2C:20:61:22:DF,A2E254939C99E0970D33DF9443063D75
2020-06-09 14:46:11.245,-63,1,-67,dev,5B:12:D3:0E:55:05,694C94936B4EBEA78226B011E71882B2
2020-06-09 14:46:11.310,-64,1,-68,dev,5B:12:D3:0E:55:05,694C94936B4EBEA78226B011E71882B2
2020-06-09 14:46:11.722,-42,1,-46,dev,2C:2C:20:61:22:DF,A2E254939C99E0970D33DF9443063D75
2020-06-09 14:46:11.735,-63,1,-67,dev,5B:12:D3:0E:55:05,694C94936B4EBEA78226B011E71882B2
2020-06-09 14:46:11.782,-42,1,-46,dev,2C:2C:20:61:22:DF,A2E254939C99E0970D33DF9443063D75
2020-06-09 14:46:11.881,-63,1,-67,dev,5B:12:D3:0E:55:05,694C94936B4EBEA78226B011E71882B2
2020-06-09 14:46:12.061,-42,1,-46,dev,2C:2C:20:61:22:DF,A2E254939C99E0970D33DF9443063D75
2020-06-09 14:46:12.164,-62,1,-66,dev,5B:12:D3:0E:55:05,694C94936B4EBEA78226B011E71882B2
2020-06-09 14:46:12.336,-42,1,-46,dev,2C:2C:20:61:22:DF,A2E254939C99E0970D33DF9443063D75
2020-06-09 14:46:12.453,-62,1,-66,dev,5B:12:D3:0E:55:05,694C94936B4EBEA78226B011E71882B2
2020-06-09 14:46:12.608,-42,1,-46,dev,2C:2C:20:61:22:DF,A2E254939C99E0970D33DF9443063D75
2020-06-09 14:46:12.741,-62,1,-66,dev,5B:12:D3:0E:55:05,694C94936B4EBEA78226B011E71882B2
2020-06-09 14:46:12.882,-42,1,-46,dev,2C:2C:20:61:22:DF,A2E254939C99E0970D33DF9443063D75
2020-06-09 14:46:13.031,-62,1,-66,dev,5B:12:D3:0E:55:05,694C94936B4EBEA78226B011E71882B2
2020-06-09 14:46:13.155,-42,1,-46,dev,2C:2C:20:61:22:DF,A2E254939C99E0970D33DF9443063D75
2020-06-09 14:46:13.308,-62,1,-66,dev,5B:12:D3:0E:55:05,694C94936B4EBEA78226B011E71882B2
2020-06-09 14:46:13.425,-42,1,-46,dev,2C:2C:20:61:22:DF,A2E254939C99E0970D33DF9443063D75
2020-06-09 14:46:13.592,-62,1,-66,dev,5B:12:D3:0E:55:05,694C94936B4EBEA78226B011E71882B2
2020-06-09 14:46:13.694,-42,1,-46,dev,2C:2C:20:61:22:DF,A2E254939C99E0970D33DF9443063D75
2020-06-09 14:46:13.884,-62,1,-66,dev,5B:12:D3:0E:55:05,694C94936B4EBEA78226B011E71882B2
2020-06-09 14:46:13.973,-42,1,-46,dev,2C:2C:20:61:22:DF,A2E254939C99E0970D33DF9443063D75
2020-06-09 14:46:14.165,-62,1,-66,dev,5B:12:D3:0E:55:05,694C94936B4EBEA78226B011E71882B2
2020-06-09 14:46:14.250,-42,1,-46,dev,2C:2C:20:61:22:DF,A2E254939C99E0970D33DF9443063D75
2020-06-09 14:46:14.453,-63,1,-67,dev,5B:12:D3:0E:55:05,694C94936B4EBEA78226B011E71882B2
2020-06-09 14:46:14.523,-42,1,-46,dev,2C:2C:20:61:22:DF,A2E254939C99E0970D33DF9443063D75
2020-06-09 14:51:04.655,-39,1,-43,dev,04:3F:E5:D1:D8:04,0E31F6A09A07E813C46E7BA98DFCFD71
2020-06-09 14:51:04.812,-73,1,-77,dev,5B:12:D3:0E:55:05,694C94936B4EBEA78226B011E71882B2
2020-06-09 14:51:04.935,-39,1,-43,dev,04:3F:E5:D1:D8:04,0E31F6A09A07E813C46E7BA98DFCFD71
2020-06-09 14:51:05.099,-74,1,-78,dev,5B:12:D3:0E:55:05,694C94936B4EBEA78226B011E71882B2
2020-06-09 14:51:05.202,-39,1,-43,dev,04:3F:E5:D1:D8:04,0E31F6A09A07E813C46E7BA98DFCFD71
2020-06-09 14:51:05.381,-74,1,-78,dev,5B:12:D3:0E:55:05,694C94936B4EBEA78226B011E71882B2
2020-06-09 14:51:05.498,-39,1,-43,dev,04:3F:E5:D1:D8:04,0E31F6A09A07E813C46E7BA98DFCFD71
2020-06-09 14:51:05.724,-74,1,-78,dev,5B:12:D3:0E:55:05,694C94936B4EBEA78226B011E71882B2
2020-06-09 14:51:05.775,-38,1,-42,dev,04:3F:E5:D1:D8:04,0E31F6A09A07E813C46E7BA98DFCFD71
2020-06-09 14:51:06.033,-38,1,-42,dev,04:3F:E5:D1:D8:04,0E31F6A09A07E813C46E7BA98DFCFD71
2020-06-09 14:51:06.238,-73,1,-77,dev,5B:12:D3:0E:55:05,694C94936B4EBEA78226B011E71882B2
2020-06-09 14:51:06.299,-38,1,-42,dev,04:3F:E5:D1:D8:04,0E31F6A09A07E813C46E7BA98DFCFD71
2020-06-09 14:51:06.529,-73,1,-77,dev,5B:12:D3:0E:55:05,694C94936B4EBEA78226B011E71882B2
2020-06-09 14:51:06.571,-38,1,-42,dev,04:3F:E5:D1:D8:04,0E31F6A09A07E813C46E7BA98DFCFD71
2020-06-09 14:51:06.817,-73,1,-77,dev,5B:12:D3:0E:55:05,694C94936B4EBEA78226B011E71882B2
2020-06-09 14:51:06.845,-38,1,-42,dev,04:3F:E5:D1:D8:04,0E31F6A09A07E813C46E7BA98DFCFD71
2020-06-09 14:51:07.109,-73,1,-77,dev,5B:12:D3:0E:55:05,694C94936B4EBEA78226B011E71882B2
2020-06-09 14:51:07.120,-38,1,-42,dev,04:3F:E5:D1:D8:04,0E31F6A09A07E813C46E7BA98DFCFD71
2020-06-09 14:51:07.399,-73,1,-77,dev,5B:12:D3:0E:55:05,694C94936B4EBEA78226B011E71882B2
2020-06-09 14:51:07.400,-38,1,-42,dev,04:3F:E5:D1:D8:04,0E31F6A09A07E813C46E7BA98DFCFD71
2020-06-09 14:51:07.670,-38,1,-42,dev,04:3F:E5:D1:D8:04,0E31F6A09A07E813C46E7BA98DFCFD71
2020-06-09 14:51:07.683,-79,1,-83,dev,5B:12:D3:0E:55:05,694C94936B4EBEA78226B011E71882B2
2020-06-09 14:51:07.948,-37,1,-41,dev,04:3F:E5:D1:D8:04,0E31F6A09A07E813C46E7BA98DFCFD71
2020-06-09 14:51:07.986,-76,1,-80,dev,5B:12:D3:0E:55:05,694C94936B4EBEA78226B011E71882B2
2020-06-09 14:51:08.224,-36,1,-40,dev,04:3F:E5:D1:D8:04,0E31F6A09A07E813C46E7BA98DFCFD71
2020-06-09 14:51:08.274,-80,1,-84,dev,5B:12:D3:0E:55:05,694C94936B4EBEA78226B011E71882B2
2020-06-09 14:51:08.496,-37,1,-41,dev,04:3F:E5:D1:D8:04,0E31F6A09A07E813C46E7BA98DFCFD71
2020-06-09 14:51:08.560,-78,1,-82,dev,5B:12:D3:0E:55:05,694C94936B4EBEA78226B011E71882B2
2020-06-09 14:56:00.381,-61,1,-65,dev,5B:12:D3:0E:55:05,694C94936B4EBEA78226B011E71882B2
2020-06-09 14:56:00.458,-35,1,-39,dev,04:3F:E5:D1:D8:04,0E31F6A09A07E813C46E7BA98DFCFD71
2020-06-09 14:56:00.657,-62,1,-66,dev,5B:12:D3:0E:55:05,694C94936B4EBEA78226B011E71882B2
2020-06-09 14:56:00.728,-35,1,-39,dev,04:3F:E5:D1:D8:04,0E31F6A09A07E813C46E7BA98DFCFD71
2020-06-09 14:56:00.960,-62,1,-66,dev,5B:12:D3:0E:55:05,694C94936B4EBEA78226B011E71882B2
2020-06-09 14:56:01.017,-35,1,-39,dev,04:3F:E5:D1:D8:04,0E31F6A09A07E813C46E7BA98DFCFD71
2020-06-09 14:56:01.253,-61,1,-65,dev,5B:12:D3:0E:55:05,694C94936B4EBEA78226B011E71882B2
2020-06-09 14:56:01.283,-35,1,-39,dev,04:3F:E5:D1:D8:04,0E31F6A09A07E813C46E7BA98DFCFD71
2020-06-09 14:56:01.557,-62,1,-66,dev,5B:12:D3:0E:55:05,694C94936B4EBEA78226B011E71882B2
2020-06-09 14:56:01.562,-35,1,-39,dev,04:3F:E5:D1:D8:04,0E31F6A09A07E813C46E7BA98DFCFD71
2020-06-09 14:56:01.841,-62,1,-66,dev,5B:12:D3:0E:55:05,694C94936B4EBEA78226B011E71882B2
2020-06-09 14:56:01.845,-35,1,-39,dev,04:3F:E5:D1:D8:04,0E31F6A09A07E813C46E7BA98DFCFD71
2020-06-09 14:56:02.125,-35,1,-39,dev,04:3F:E5:D1:D8:04,0E31F6A09A07E813C46E7BA98DFCFD71
2020-06-09 14:56:02.130,-61,1,-65,dev,5B:12:D3:0E:55:05,694C94936B4EBEA78226B011E71882B2
2020-06-09 14:56:02.401,-35,1,-39,dev,04:3F:E5:D1:D8:04,0E31F6A09A07E813C46E7BA98DFCFD71
2020-06-09 14:56:02.406,-61,1,-65,dev,5B:12:D3:0E:55:05,694C94936B4EBEA78226B011E71882B2
2020-06-09 14:56:02.670,-35,1,-39,dev,04:3F:E5:D1:D8:04,0E31F6A09A07E813C46E7BA98DFCFD71
2020-06-09 14:56:02.680,-61,1,-65,dev,5B:12:D3:0E:55:05,694C94936B4EBEA78226B011E71882B2
2020-06-09 14:56:02.947,-35,1,-39,dev,04:3F:E5:D1:D8:04,0E31F6A09A07E813C46E7BA98DFCFD71
2020-06-09 14:56:02.970,-61,1,-65,dev,5B:12:D3:0E:55:05,694C94936B4EBEA78226B011E71882B2
2020-06-09 14:56:03.217,-35,1,-39,dev,04:3F:E5:D1:D8:04,0E31F6A09A07E813C46E7BA98DFCFD71
2020-06-09 14:56:03.256,-61,1,-65,dev,5B:12:D3:0E:55:05,694C94936B4EBEA78226B011E71882B2
2020-06-09 14:56:03.496,-35,1,-39,dev,04:3F:E5:D1:D8:04,0E31F6A09A07E813C46E7BA98DFCFD71
2020-06-09 14:56:03.543,-61,1,-65,dev,5B:12:D3:0E:55:05,694C94936B4EBEA78226B011E71882B2
2020-06-09 14:56:03.771,-35,1,-39,dev,04:3F:E5:D1:D8:04,0E31F6A09A07E813C46E7BA98DFCFD71
2020-06-09 14:56:03.838,-61,1,-65,dev,5B:12:D3:0E:55:05,694C94936B4EBEA78226B011E71882B2
2020-06-09 14:56:04.037,-35,1,-39,dev,04:3F:E5:D1:D8:04,0E31F6A09A07E813C46E7BA98DFCFD71
2020-06-09 14:56:04.115,-62,1,-66,dev,5B:12:D3:0E:55:05,694C94936B4EBEA78226B011E71882B2
2020-06-09 14:59:43.304,-46,1,-50,dev,5B:07:2C:7F:00:65,97B28A8AE513C634492B28C663CFE582
2020-06-09 14:59:43.312,-74,1,-78,dev,04:3F:E5:D1:D8:04,0E31F6A09A07E813C46E7BA98DFCFD71
2020-06-09 14:59:43.573,-47,1,-51,dev,5B:07:2C:7F:00:65,97B28A8AE513C634492B28C663CFE582
2020-06-09 14:59:43.576,-77,1,-81,dev,04:3F:E5:D1:D8:04,0E31F6A09A07E813C46E7BA98DFCFD71
2020-06-09 14:59:43.856,-46,1,-50,dev,5B:07:2C:7F:00:65,97B28A8AE513C634492B28C663CFE582
2020-06-09 14:59:44.130,-70,1,-74,dev,04:3F:E5:D1:D8:04,0E31F6A09A07E813C46E7BA98DFCFD71
2020-06-09 14:59:44.135,-47,1,-51,dev,5B:07:2C:7F:00:65,97B28A8AE513C634492B28C663CFE582
2020-06-09 14:59:44.402,-70,1,-74,dev,04:3F:E5:D1:D8:04,0E31F6A09A07E813C46E7BA98DFCFD71
2020-06-09 14:59:44.420,-46,1,-50,dev,5B:07:2C:7F:00:65,97B28A8AE513C634492B28C663CFE582
2020-06-09 14:59:44.733,-46,1,-50,dev,5B:07:2C:7F:00:65,97B28A8AE513C634492B28C663CFE582
2020-06-09 14:59:44.978,-80,1,-84,dev,04:3F:E5:D1:D8:04,0E31F6A09A07E813C46E7BA98DFCFD71
2020-06-09 14:59:45.002,-46,1,-50,dev,5B:07:2C:7F:00:65,97B28A8AE513C634492B28C663CFE582
2020-06-09 14:59:45.249,-68,1,-72,dev,04:3F:E5:D1:D8:04,0E31F6A09A07E813C46E7BA98DFCFD71
2020-06-09 14:59:45.288,-47,1,-51,dev,5B:07:2C:7F:00:65,97B28A8AE513C634492B28C663CFE582
2020-06-09 14:59:45.523,-77,1,-81,dev,04:3F:E5:D1:D8:04,0E31F6A09A07E813C46E7BA98DFCFD71
2020-06-09 14:59:45.576,-46,1,-50,dev,5B:07:2C:7F:00:65,97B28A8AE513C634492B28C663CFE582
2020-06-09 14:59:45.800,-76,1,-80,dev,04:3F:E5:D1:D8:04,0E31F6A09A07E813C46E7BA98DFCFD71
2020-06-09 14:59:45.865,-47,1,-51,dev,5B:07:2C:7F:00:65,97B28A8AE513C634492B28C663CFE582
2020-06-09 14:59:46.076,-70,1,-74,dev,04:3F:E5:D1:D8:04,0E31F6A09A07E813C46E7BA98DFCFD71
2020-06-09 14:59:46.145,-46,1,-50,dev,5B:07:2C:7F:00:65,97B28A8AE513C634492B28C663CFE582
2020-06-09 14:59:46.353,-70,1,-74,dev,04:3F:E5:D1:D8:04,0E31F6A09A07E813C46E7BA98DFCFD71
2020-06-09 14:59:46.436,-47,1,-51,dev,5B:07:2C:7F:00:65,97B28A8AE513C634492B28C663CFE582
2020-06-09 14:59:46.738,-46,1,-50,dev,5B:07:2C:7F:00:65,97B28A8AE513C634492B28C663CFE582
2020-06-09 14:59:46.914,-69,1,-73,dev,04:3F:E5:D1:D8:04,0E31F6A09A07E813C46E7BA98DFCFD71
2020-06-09 14:59:47.007,-46,1,-50,dev,5B:07:2C:7F:00:65,97B28A8AE513C634492B28C663CFE582
2020-06-09 15:04:33.239,-48,1,-52,dev,5B:07:2C:7F:00:65,97B28A8AE513C634492B28C663CFE582
2020-06-09 15:04:33.450,-61,1,-65,dev,04:3F:E5:D1:D8:04,0E31F6A09A07E813C46E7BA98DFCFD71
2020-06-09 15:04:33.532,-47,1,-51,dev,5B:07:2C:7F:00:65,97B28A8AE513C634492B28C663CFE582
2020-06-09 15:04:33.726,-62,1,-66,dev,04:3F:E5:D1:D8:04,0E31F6A09A07E813C46E7BA98DFCFD71
2020-06-09 15:04:33.816,-46,1,-50,dev,5B:07:2C:7F:00:65,97B28A8AE513C634492B28C663CFE582
2020-06-09 15:04:34.005,-62,1,-66,dev,04:3F:E5:D1:D8:04,0E31F6A09A07E813C46E7BA98DFCFD71
2020-06-09 15:04:34.100,-47,1,-51,dev,5B:07:2C:7F:00:65,97B28A8AE513C634492B28C663CFE582
2020-06-09 15:04:34.278,-62,1,-66,dev,04:3F:E5:D1:D8:04,0E31F6A09A07E813C46E7BA98DFCFD71
2020-06-09 15:04:34.391,-46,1,-50,dev,5B:07:2C:7F:00:65,97B28A8AE513C634492B28C663CFE582
2020-06-09 15:04:34.560,-63,1,-67,dev,04:3F:E5:D1:D8:04,0E31F6A09A07E813C46E7BA98DFCFD71
2020-06-09 15:04:34.681,-47,1,-51,dev,5B:07:2C:7F:00:65,97B28A8AE513C634492B28C663CFE582
2020-06-09 15:04:34.841,-63,1,-67,dev,04:3F:E5:D1:D8:04,0E31F6A09A07E813C46E7BA98DFCFD71
2020-06-09 15:04:34.967,-47,1,-51,dev,5B:07:2C:7F:00:65,97B28A8AE513C634492B28C663CFE582
2020-06-09 15:04:35.127,-60,1,-64,dev,04:3F:E5:D1:D8:04,0E31F6A09A07E813C46E7BA98DFCFD71
2020-06-09 15:04:35.256,-47,1,-51,dev,5B:07:2C:7F:00:65,97B28A8AE513C634492B28C663CFE582
2020-06-09 15:04:35.385,-60,1,-64,dev,04:3F:E5:D1:D8:04,0E31F6A09A07E813C46E7BA98DFCFD71
2020-06-09 15:04:35.556,-47,1,-51,dev,5B:07:2C:7F:00:65,97B28A8AE513C634492B28C663CFE582
2020-06-09 15:04:35.654,-60,1,-64,dev,04:3F:E5:D1:D8:04,0E31F6A09A07E813C46E7BA98DFCFD71
2020-06-09 15:04:35.841,-47,1,-51,dev,5B:07:2C:7F:00:65,97B28A8AE513C634492B28C663CFE582
2020-06-09 15:04:35.945,-60,1,-64,dev,04:3F:E5:D1:D8:04,0E31F6A09A07E813C46E7BA98DFCFD71
2020-06-09 15:04:36.108,-46,1,-50,dev,5B:07:2C:7F:00:65,97B28A8AE513C634492B28C663CFE582
2020-06-09 15:04:36.220,-61,1,-65,dev,04:3F:E5:D1:D8:04,0E31F6A09A07E813C46E7BA98DFCFD71
2020-06-09 15:04:36.401,-47,1,-51,dev,5B:07:2C:7F:00:65,97B28A8AE513C634492B28C663CFE582
2020-06-09 15:04:36.491,-66,1,-70,dev,04:3F:E5:D1:D8:04,0E31F6A09A07E813C46E7BA98DFCFD71
2020-06-09 15:04:36.696,-47,1,-51,dev,5B:07:2C:7F:00:65,97B28A8AE513C634492B28C663CFE582
2020-06-09 15:04:36.773,-60,1,-64,dev,04:3F:E5:D1:D8:04,0E31F6A09A07E813C46E7BA98DFCFD71
2020-06-09 15:04:36.982,-46,1,-50,dev,5B:07:2C:7F:00:65,97B28A8AE513C634492B28C663CFE582
2020-06-09 15:04:37.035,-61,1,-65,dev,04:3F:E5:D1:D8:04,0E31F6A09A07E813C46E7BA98DFCFD71
2020-06-09 15:08:20.245,-64,1,-68,dev,04:3F:E5:D1:D8:04,0E31F6A09A07E813C46E7BA98DFCFD71
2020-06-09 15:08:20.324,-46,1,-50,dev,5B:07:2C:7F:00:65,97B28A8AE513C634492B28C663CFE582
2020-06-09 15:08:20.521,-63,1,-67,dev,04:3F:E5:D1:D8:04,0E31F6A09A07E813C46E7BA98DFCFD71
2020-06-09 15:08:20.610,-47,1,-51,dev,5B:07:2C:7F:00:65,97B28A8AE513C634492B28C663CFE582
2020-06-09 15:08:20.795,-64,1,-68,dev,04:3F:E5:D1:D8:04,0E31F6A09A07E813C46E7BA98DFCFD71
2020-06-09 15:08:20.894,-46,1,-50,dev,5B:07:2C:7F:00:65,97B28A8AE513C634492B28C663CFE582
2020-06-09 15:08:21.071,-66,1,-70,dev,04:3F:E5:D1:D8:04,0E31F6A09A07E813C46E7BA98DFCFD71
2020-06-09 15:08:21.185,-47,1,-51,dev,5B:07:2C:7F:00:65,97B28A8AE513C634492B28C663CFE582
2020-06-09 15:08:21.360,-65,1,-69,dev,04:3F:E5:D1:D8:04,0E31F6A09A07E813C46E7BA98DFCFD71
2020-06-09 15:08:21.474,-46,1,-50,dev,5B:07:2C:7F:00:65,97B28A8AE513C634492B28C663CFE582
2020-06-09 15:08:21.626,-66,1,-70,dev,04:3F:E5:D1:D8:04,0E31F6A09A07E813C46E7BA98DFCFD71
2020-06-09 15:08:21.758,-46,1,-50,dev,5B:07:2C:7F:00:65,97B28A8AE513C634492B28C663CFE582
2020-06-09 15:08:21.901,-65,1,-69,dev,04:3F:E5:D1:D8:04,0E31F6A09A07E813C46E7BA98DFCFD71
2020-06-09 15:08:22.041,-46,1,-50,dev,5B:07:2C:7F:00:65,97B28A8AE513C634492B28C663CFE582
2020-06-09 15:08:22.171,-65,1,-69,dev,04:3F:E5:D1:D8:04,0E31F6A09A07E813C46E7BA98DFCFD71
2020-06-09 15:08:22.348,-46,1,-50,dev,5B:07:2C:7F:00:65,97B28A8AE513C634492B28C663CFE582
2020-06-09 15:08:22.629,-46,1,-50,dev,5B:07:2C:7F:00:65,97B28A8AE513C634492B28C663CFE582
2020-06-09 15:08:22.720,-63,1,-67,dev,04:3F:E5:D1:D8:04,0E31F6A09A07E813C46E7BA98DFCFD71
2020-06-09 15:08:22.910,-46,1,-50,dev,5B:07:2C:7F:00:65,97B28A8AE513C634492B28C663CFE582
2020-06-09 15:08:23.000,-65,1,-69,dev,04:3F:E5:D1:D8:04,0E31F6A09A07E813C46E7BA98DFCFD71
2020-06-09 15:08:23.185,-46,1,-50,dev,5B:07:2C:7F:00:65,97B28A8AE513C634492B28C663CFE582
2020-06-09 15:08:23.272,-66,1,-70,dev,04:3F:E5:D1:D8:04,0E31F6A09A07E813C46E7BA98DFCFD71
2020-06-09 15:08:23.477,-47,1,-51,dev,5B:07:2C:7F:00:65,97B28A8AE513C634492B28C663CFE582
2020-06-09 15:08:23.552,-64,1,-68,dev,04:3F:E5:D1:D8:04,0E31F6A09A07E813C46E7BA98DFCFD71
2020-06-09 15:08:23.760,-47,1,-51,dev,5B:07:2C:7F:00:65,97B28A8AE513C634492B28C663CFE582
2020-06-09 15:08:23.829,-64,1,-68,dev,04:3F:E5:D1:D8:04,0E31F6A09A07E813C46E7BA98DFCFD71
2020-06-09 15:08:24.049,-47,1,-51,dev,5B:07:2C:7F:00:65,97B28A8AE513C634492B28C663CFE582
2020-06-09 15:08:24.098,-64,1,-68,dev,04:3F:E5:D1:D8:04,0E31F6A09A07E813C46E7BA98DFCFD71
2020-06-09 15:12:44.217,-62,1,-66,dev,04:3F:E5:D1:D8:04,0E31F6A09A07E813C46E7BA98DFCFD71
2020-06-09 15:12:44.376,-47,1,-51,dev,45:FD:57:49:C2:DE,6A82766B6D893AE0B813FAF4F66AD942
2020-06-09 15:12:44.502,-64,1,-68,dev,04:3F:E5:D1:D8:04,0E31F6A09A07E813C46E7BA98DFCFD71
2020-06-09 15:12:44.665,-47,1,-51,dev,45:FD:57:49:C2:DE,6A82766B6D893AE0B813FAF4F66AD942
2020-06-09 15:12:44.782,-67,1,-71,dev,04:3F:E5:D1:D8:04,0E31F6A09A07E813C46E7BA98DFCFD71
2020-06-09 15:12:44.953,-47,1,-51,dev,45:FD:57:49:C2:DE,6A82766B6D893AE0B813FAF4F66AD942
2020-06-09 15:12:45.060,-69,1,-73,dev,04:3F:E5:D1:D8:04,0E31F6A09A07E813C46E7BA98DFCFD71
2020-06-09 15:12:45.235,-47,1,-51,dev,45:FD:57:49:C2:DE,6A82766B6D893AE0B813FAF4F66AD942
2020-06-09 15:12:45.324,-66,1,-70,dev,04:3F:E5:D1:D8:04,0E31F6A09A07E813C46E7BA98DFCFD71
2020-06-09 15:12:45.513,-48,1,-52,dev,45:FD:57:49:C2:DE,6A82766B6D893AE0B813FAF4F66AD942
2020-06-09 15:12:45.596,-66,1,-70,dev,04:3F:E5:D1:D8:04,0E31F6A09A07E813C46E7BA98DFCFD71
2020-06-09 15:12:45.803,-48,1,-52,dev,45:FD:57:49:C2:DE,6A82766B6D893AE0B813FAF4F66AD942
2020-06-09 15:12:45.878,-66,1,-70,dev,04:3F:E5:D1:D8:04,0E31F6A09A07E813C46E7BA98DFCFD71
2020-06-09 15:12:46.080,-46,1,-50,dev,45:FD:57:49:C2:DE,6A82766B6D893AE0B813FAF4F66AD942
2020-06-09 15:12:46.156,-67,1,-71,dev,04:3F:E5:D1:D8:04,0E31F6A09A07E813C46E7BA98DFCFD71
2020-06-09 15:12:46.366,-47,1,-51,dev,45:FD:57:49:C2:DE,6A82766B6D893AE0B813FAF4F66AD942
2020-06-09 15:12:46.438,-68,1,-72,dev,04:3F:E5:D1:D8:04,0E31F6A09A07E813C46E7BA98DFCFD71
2020-06-09 15:12:46.652,-47,1,-51,dev,45:FD:57:49:C2:DE,6A82766B6D893AE0B813FAF4F66AD942
2020-06-09 15:12:46.713,-68,1,-72,dev,04:3F:E5:D1:D8:04,0E31F6A09A07E813C46E7BA98DFCFD71
2020-06-09 15:12:46.935,-46,1,-50,dev,45:FD:57:49:C2:DE,6A82766B6D893AE0B813FAF4F66AD942
2020-06-09 15:12:46.981,-69,1,-73,dev,04:3F:E5:D1:D8:04,0E31F6A09A07E813C46E7BA98DFCFD71
2020-06-09 15:12:47.216,-46,1,-50,dev,45:FD:57:49:C2:DE,6A82766B6D893AE0B813FAF4F66AD942
2020-06-09 15:12:47.258,-70,1,-74,dev,04:3F:E5:D1:D8:04,0E31F6A09A07E813C46E7BA98DFCFD71
2020-06-09 15:12:47.507,-47,1,-51,dev,45:FD:57:49:C2:DE,6A82766B6D893AE0B813FAF4F66AD942
2020-06-09 15:12:47.529,-68,1,-72,dev,04:3F:E5:D1:D8:04,0E31F6A09A07E813C46E7BA98DFCFD71
2020-06-09 15:12:47.798,-46,1,-50,dev,45:FD:57:49:C2:DE,6A82766B6D893AE0B813FAF4F66AD942
2020-06-09 15:12:47.806,-65,1,-69,dev,04:3F:E5:D1:D8:04,0E31F6A09A07E813C46E7BA98DFCFD71
2020-06-09 15:12:48.081,-47,1,-51,dev,45:FD:57:49:C2:DE,6A82766B6D893AE0B813FAF4F66AD942
2020-06-09 15:12:48.090,-62,1,-66,dev,04:3F:E5:D1:D8:04,0E31F6A09A07E813C46E7BA98DFCFD71
2020-06-09 15:16:38.242,-64,1,-68,dev,0C:89:F9:52:F1:AA,EE91283B195BC666002A134FDBE02707
2020-06-09 15:16:38.453,-46,1,-50,dev,45:FD:57:49:C2:DE,6A82766B6D893AE0B813FAF4F66AD942
2020-06-09 15:16:38.528,-63,1,-67,dev,0C:89:F9:52:F1:AA,EE91283B195BC666002A134FDBE02707
2020-06-09 15:16:38.741,-46,1,-50,dev,45:FD:57:49:C2:DE,6A82766B6D893AE0B813FAF4F66AD942
2020-06-09 15:16:38.794,-63,1,-67,dev,0C:89:F9:52:F1:AA,EE91283B195BC666002A134FDBE02707
2020-06-09 15:16:39.028,-47,1,-51,dev,45:FD:57:49:C2:DE,6A82766B6D893AE0B813FAF4F66AD942
2020-06-09 15:16:39.339,-47,1,-51,dev,45:FD:57:49:C2:DE,6A82766B6D893AE0B813FAF4F66AD942
2020-06-09 15:16:39.343,-62,1,-66,dev,0C:89:F9:52:F1:AA,EE91283B195BC666002A134FDBE02707
2020-06-09 15:16:39.614,-47,1,-51,dev,45:FD:57:49:C2:DE,6A82766B6D893AE0B813FAF4F66AD942
2020-06-09 15:16:39.618,-60,1,-64,dev,0C:89:F9:52:F1:AA,EE91283B195BC666002A134FDBE02707
2020-06-09 15:16:39.897,-46,1,-50,dev,45:FD:57:49:C2:DE,6A82766B6D893AE0B813FAF4F66AD942
2020-06-09 15:16:39.902,-60,1,-64,dev,0C:89:F9:52:F1:AA,EE91283B195BC666002A134FDBE02707
2020-06-09 15:16:40.183,-60,1,-64,dev,0C:89:F9:52:F1:AA,EE91283B195BC666002A134FDBE02707
2020-06-09 15:16:40.186,-47,1,-51,dev,45:FD:57:49:C2:DE,6A82766B6D893AE0B813FAF4F66AD942
2020-06-09 15:16:40.450,-61,1,-65,dev,0C:89:F9:52:F1:AA,EE91283B195BC666002A134FDBE02707
2020-06-09 15:16:40.453,-46,1,-50,dev,45:FD:57:49:C2:DE,6A82766B6D893AE0B813FAF4F66AD942
2020-06-09 15:16:40.734,-62,1,-66,dev,0C:89:F9:52:F1:AA,EE91283B195BC666002A134FDBE02707
2020-06-09 15:16:40.743,-47,1,-51,dev,45:FD:57:49:C2:DE,6A82766B6D893AE0B813FAF4F66AD942
2020-06-09 15:16:41.012,-61,1,-65,dev,0C:89:F9:52:F1:AA,EE91283B195BC666002A134FDBE02707
2020-06-09 15:16:41.031,-47,1,-51,dev,45:FD:57:49:C2:DE,6A82766B6D893AE0B813FAF4F66AD942
2020-06-09 15:16:41.300,-62,1,-66,dev,0C:89:F9:52:F1:AA,EE91283B195BC666002A134FDBE02707
2020-06-09 15:16:41.314,-46,1,-50,dev,45:FD:57:49:C2:DE,6A82766B6D893AE0B813FAF4F66AD942
2020-06-09 15:16:41.567,-61,1,-65,dev,0C:89:F9:52:F1:AA,EE91283B195BC666002A134FDBE02707
2020-06-09 15:16:41.599,-47,1,-51,dev,45:FD:57:49:C2:DE,6A82766B6D893AE0B813FAF4F66AD942
2020-06-09 15:16:41.843,-60,1,-64,dev,0C:89:F9:52:F1:AA,EE91283B195BC666002A134FDBE02707
2020-06-09 15:16:41.889,-47,1,-51,dev,45:FD:57:49:C2:DE,6A82766B6D893AE0B813FAF4F66AD942
2020-06-09 15:16:42.116,-63,1,-67,dev,0C:89:F9:52:F1:AA,EE91283B195BC666002A134FDBE02707
2020-06-09 15:21:26.200,-61,1,-65,dev,0C:89:F9:52:F1:AA,EE91283B195BC666002A134FDBE02707
2020-06-09 15:21:26.239,-47,1,-51,dev,45:FD:57:49:C2:DE,6A82766B6D893AE0B813FAF4F66AD942
2020-06-09 15:21:26.485,-60,1,-64,dev,0C:89:F9:52:F1:AA,EE91283B195BC666002A134FDBE02707
2020-06-09 15:21:26.530,-47,1,-51,dev,45:FD:57:49:C2:DE,6A82766B6D893AE0B813FAF4F66AD942
2020-06-09 15:21:26.764,-60,1,-64,dev,0C:89:F9:52:F1:AA,EE91283B195BC666002A134FDBE02707
2020-06-09 15:21:26.818,-46,1,-50,dev,45:FD:57:49:C2:DE,6A82766B6D893AE0B813FAF4F66AD942
2020-06-09 15:21:27.036,-60,1,-64,dev,0C:89:F9:52:F1:AA,EE91283B195BC666002A134FDBE02707
2020-06-09 15:21:27.096,-47,1,-51,dev,45:FD:57:49:C2:DE,6A82766B6D893AE0B813FAF4F66AD942
2020-06-09 15:21:27.325,-60,1,-64,dev,0C:89:F9:52:F1:AA,EE91283B195BC666002A134FDBE02707
2020-06-09 15:21:27.394,-47,1,-51,dev,45:FD:57:49:C2:DE,6A82766B6D893AE0B813FAF4F66AD942
2020-06-09 15:21:27.593,-60,1,-64,dev,0C:89:F9:52:F1:AA,EE91283B195BC666002A134FDBE02707
2020-06-09 15:21:27.681,-46,1,-50,dev,45:FD:57:49:C2:DE,6A82766B6D893AE0B813FAF4F66AD942
2020-06-09 15:21:27.866,-60,1,-64,dev,0C:89:F9:52:F1:AA,EE91283B195BC666002A134FDBE02707
2020-06-09 15:21:27.974,-46,1,-50,dev,45:FD:57:49:C2:DE,6A82766B6D893AE0B813FAF4F66AD942
2020-06-09 15:21:28.154,-60,1,-64,dev,0C:89:F9:52:F1:AA,EE91283B195BC666002A134FDBE02707
2020-06-09 15:21:28.256,-47,1,-51,dev,45:FD:57:49:C2:DE,6A82766B6D893AE0B813FAF4F66AD942
2020-06-09 15:21:28.401,-61,1,-65,dev,0C:89:F9:52:F1:AA,EE91283B195BC666002A134FDBE02707
2020-06-09 15:21:28.545,-47,1,-51,dev,45:FD:57:49:C2:DE,6A82766B6D893AE0B813FAF4F66AD942
2020-06-09 15:21:28.679,-61,1,-65,dev,0C:89:F9:52:F1:AA,EE91283B195BC666002A134FDBE02707
2020-06-09 15:21:28.855,-47,1,-51,dev,45:FD:57:49:C2:DE,6A82766B6D893AE0B813FAF4F66AD942
2020-06-09 15:21:28.954,-60,1,-64,dev,0C:89:F9:52:F1:AA,EE91283B195BC666002A134FDBE02707
2020-06-09 15:21:29.119,-47,1,-51,dev,45:FD:57:49:C2:DE,6A82766B6D893AE0B813FAF4F66AD942
2020-06-09 15:21:29.235,-60,1,-64,dev,0C:89:F9:52:F1:AA,EE91283B195BC666002A134FDBE02707
2020-06-09 15:21:29.420,-46,1,-50,dev,45:FD:57:49:C2:DE,6A82766B6D893AE0B813FAF4F66AD942
2020-06-09 15:21:29.509,-61,1,-65,dev,0C:89:F9:52:F1:AA,EE91283B195BC666002A134FDBE02707
2020-06-09 15:21:29.699,-47,1,-51,dev,45:FD:57:49:C2:DE,6A82766B6D893AE0B813FAF4F66AD942
2020-06-09 15:21:29.784,-60,1,-64,dev,0C:89:F9:52:F1:AA,EE91283B195BC666002A134FDBE02707
2020-06-09 15:21:29.985,-46,1,-50,dev,45:FD:57:49:C2:DE,6A82766B6D893AE0B813FAF4F66AD942
2020-06-09 15:21:30.057,-59,1,-63,dev,0C:89:F9:52:F1:AA,EE91283B195BC666002A134FDBE02707
2020-06-09 15:26:13.313,-66,1,-70,dev,0C:89:F9:52:F1:AA,EE91283B195BC666002A134FDBE02707
2020-06-09 15:26:13.483,-47,1,-51,dev,4E:4F:FA:DF:09:C5,EDEBC6F5F056A11088386086717D9AFD
2020-06-09 15:26:13.591,-65,1,-69,dev,0C:89:F9:52:F1:AA,EE91283B195BC666002A134FDBE02707
2020-06-09 15:26:13.774,-46,1,-50,dev,4E:4F:FA:DF:09:C5,EDEBC6F5F056A11088386086717D9AFD
2020-06-09 15:26:13.863,-66,1,-70,dev,0C:89:F9:52:F1:AA,EE91283B195BC666002A134FDBE02707
2020-06-09 15:26:14.059,-47,1,-51,dev,4E:4F:FA:DF:09:C5,EDEBC6F5F056A11088386086717D9AFD
2020-06-09 15:26:14.134,-58,1,-62,dev,0C:89:F9:52:F1:AA,EE91283B195BC666002A134FDBE02707
2020-06-09 15:26:14.344,-47,1,-51,dev,4E:4F:FA:DF:09:C5,EDEBC6F5F056A11088386086717D9AFD
2020-06-09 15:26:14.404,-63,1,-67,dev,0C:89:F9:52:F1:AA,EE91283B195BC666002A134FDBE02707
2020-06-09 15:26:14.637,-46,1,-50,dev,4E:4F:FA:DF:09:C5,EDEBC6F5F056A11088386086717D9AFD
2020-06-09 15:26:14.683,-68,1,-72,dev,0C:89:F9:52:F1:AA,EE91283B195BC666002A134FDBE02707
2020-06-09 15:26:14.924,-46,1,-50,dev,4E:4F:FA:DF:09:C5,EDEBC6F5F056A11088386086717D9AFD
2020-06-09 15:26:14.959,-64,1,-68,dev,0C:89:F9:52:F1:AA,EE91283B195BC666002A134FDBE02707
2020-06-09 15:26:15.208,-46,1,-50,dev,4E:4F:FA:DF:09:C5,EDEBC6F5F056A11088386086717D9AFD
2020-06-09 15:26:15.235,-64,1,-68,dev,0C:89:F9:52:F1:AA,EE91283B195BC666002A134FDBE02707
2020-06-09 15:26:15.496,-47,1,-51,dev,4E:4F:FA:DF:09:C5,EDEBC6F5F056A11088386086717D9AFD
2020-06-09 15:26:15.507,-64,1,-68,dev,0C:89:F9:52:F1:AA,EE91283B195BC666002A134FDBE02707
2020-06-09 15:26:15.784,-47,1,-51,dev,4E:4F:FA:DF:09:C5,EDEBC6F5F056A11088386086717D9AFD
2020-06-09 15:26:15.787,-62,1,-66,dev,0C:89:F9:52:F1:AA,EE91283B195BC666002A134FDBE02707
2020-06-09 15:26:16.070,-46,1,-50,dev,4E:4F:FA:DF:09:C5,EDEBC6F5F056A11088386086717D9AFD
2020-06-09 15:26:16.330,-60,1,-64,dev,0C:89:F9:52:F1:AA,EE91283B195BC666002A134FDBE02707
2020-06-09 15:26:16.624,-61,1,-65,dev,0C:89:F9:52:F1:AA,EE91283B195BC666002A134FDBE02707
2020-06-09 15:26:16.629,-46,1,-50,dev,4E:4F:FA:DF:09:C5,EDEBC6F5F056A11088386086717D9AFD
2020-06-09 15:26:16.883,-58,1,-62,dev,0C:89:F9:52:F1:AA,EE91283B195BC666002A134FDBE02707
2020-06-09 15:29:51.437,-47,1,-51,dev,4E:4F:FA:DF:09:C5,EDEBC6F5F056A11088386086717D9AFD
2020-06-09 15:29:51.441,-62,1,-66,dev,0C:89:F9:52:F1:AA,EE91283B195BC666002A134FDBE02707
2020-06-09 15:29:51.718,-47,1,-51,dev,4E:4F:FA:DF:09:C5,EDEBC6F5F056A11088386086717D9AFD
2020-06-09 15:29:51.722,-62,1,-66,dev,0C:89:F9:52:F1:AA,EE91283B195BC666002A134FDBE02707
2020-06-09 15:29:52.001,-62,1,-66,dev,0C:89:F9:52:F1:AA,EE91283B195BC666002A134FDBE02707
2020-06-09 15:29:52.006,-47,1,-51,dev,4E:4F:FA:DF:09:C5,EDEBC6F5F056A11088386086717D9AFD
2020-06-09 15:29:52.276,-62,1,-66,dev,0C:89:F9:52:F1:AA,EE91283B195BC666002A134FDBE02707
2020-06-09 15:29:52.283,-46,1,-50,dev,4E:4F:FA:DF:09:C5,EDEBC6F5F056A11088386086717D9AFD
2020-06-09 15:29:52.565,-61,1,-65,dev,0C:89:F9:52:F1:AA,EE91283B195BC666002A134FDBE02707
2020-06-09 15:29:52.570,-47,1,-51,dev,4E:4F:FA:DF:09:C5,EDEBC6F5F056A11088386086717D9AFD
2020-06-09 15:29:52.835,-61,1,-65,dev,0C:89:F9:52:F1:AA,EE91283B195BC666002A134FDBE02707
2020-06-09 15:29:52.854,-46,1,-50,dev,4E:4F:FA:DF:09:C5,EDEBC6F5F056A11088386086717D9AFD
2020-06-09 15:29:53.120,-61,1,-65,dev,0C:89:F9:52:F1:AA,EE91283B195BC666002A134FDBE02707
2020-06-09 15:29:53.157,-47,1,-51,dev,4E:4F:FA:DF:09:C5,EDEBC6F5F056A11088386086717D9AFD
2020-06-09 15:29:53.448,-46,1,-50,dev,4E:4F:FA:DF:09:C5,EDEBC6F5F056A11088386086717D9AFD
2020-06-09 15:29:53.657,-61,1,-65,dev,0C:89:F9:52:F1:AA,EE91283B195BC666002A134FDBE02707
2020-06-09 15:29:53.719,-46,1,-50,dev,4E:4F:FA:DF:09:C5,EDEBC6F5F056A11088386086717D9AFD
2020-06-09 15:29:53.935,-61,1,-65,dev,0C:89:F9:52:F1:AA,EE91283B195BC666002A134FDBE02707
2020-06-09 15:29:54.005,-47,1,-51,dev,4E:4F:FA:DF:09:C5,EDEBC6F5F056A11088386086717D9AFD
2020-06-09 15:29:54.215,-61,1,-65,dev,0C:89:F9:52:F1:AA,EE91283B195BC666002A134FDBE02707
2020-06-09 15:29:54.294,-47,1,-51,dev,4E:4F:FA:DF:09:C5,EDEBC6F5F056A11088386086717D9AFD
2020-06-09 15:29:54.474,-61,1,-65,dev,0C:89:F9:52:F1:AA,EE91283B195BC666002A134FDBE02707
2020-06-09 15:29:54.577,-46,1,-50,dev,4E:4F:FA:DF:09:C5,EDEBC6F5F056A11088386086717D9AFD
2020-06-09 15:29:54.758,-61,1,-65,dev,0C:89:F9:52:F1:AA,EE91283B195BC666002A134FDBE02707
2020-06-09 15:29:54.869,-47,1,-51,dev,4E:4F:FA:DF:09:C5,EDEBC6F5F056A11088386086717D9AFD
2020-06-09 15:29:55.034,-61,1,-65,dev,0C:89:F9:52:F1:AA,EE91283B195BC666002A134FDBE02707
2020-06-09 15:34:14.222,-46,1,-50,dev,16:7F:28:E3:B2:44,DC9C2A65865D62870E716FEDF63808E8
2020-06-09 15:34:14.300,-46,1,-50,dev,4E:4F:FA:DF:09:C5,EDEBC6F5F056A11088386086717D9AFD
2020-06-09 15:34:14.507,-46,1,-50,dev,16:7F:28:E3:B2:44,DC9C2A65865D62870E716FEDF63808E8
2020-06-09 15:34:14.558,-45,1,-49,dev,4E:4F:FA:DF:09:C5,EDEBC6F5F056A11088386086717D9AFD
2020-06-09 15:34:14.786,-46,1,-50,dev,16:7F:28:E3:B2:44,DC9C2A65865D62870E716FEDF63808E8
2020-06-09 15:34:14.834,-45,1,-49,dev,4E:4F:FA:DF:09:C5,EDEBC6F5F056A11088386086717D9AFD
2020-06-09 15:34:15.060,-46,1,-50,dev,16:7F:28:E3:B2:44,DC9C2A65865D62870E716FEDF63808E8
2020-06-09 15:34:15.107,-47,1,-51,dev,4E:4F:FA:DF:09:C5,EDEBC6F5F056A11088386086717D9AFD
2020-06-09 15:34:15.342,-46,1,-50,dev,16:7F:28:E3:B2:44,DC9C2A65865D62870E716FEDF63808E8
2020-06-09 15:34:15.404,-47,1,-51,dev,4E:4F:FA:DF:09:C5,EDEBC6F5F056A11088386086717D9AFD
2020-06-09 15:34:15.606,-46,1,-50,dev,16:7F:28:E3:B2:44,DC9C2A65865D62870E716FEDF63808E8
2020-06-09 15:34:15.692,-47,1,-51,dev,4E:4F:FA:DF:09:C5,EDEBC6F5F056A11088386086717D9AFD
2020-06-09 15:34:15.890,-46,1,-50,dev,16:7F:28:E3:B2:44,DC9C2A65865D62870E716FEDF63808E8
2020-06-09 15:34:16.003,-47,1,-51,dev,4E:4F:FA:DF:09:C5,EDEBC6F5F056A11088386086717D9AFD
2020-06-09 15:34:16.181,-46,1,-50,dev,16:7F:28:E3:B2:44,DC9C2A65865D62870E716FEDF63808E8
2020-06-09 15:34:16.272,-46,1,-50,dev,4E:4F:FA:DF:09:C5,EDEBC6F5F056A11088386086717D9AFD
2020-06-09 15:34:16.459,-46,1,-50,dev,16:7F:28:E3:B2:44,DC9C2A65865D62870E716FEDF63808E8
2020-06-09 15:34:16.557,-46,1,-50,dev,4E:4F:FA:DF:09:C5,EDEBC6F5F056A11088386086717D9AFD
2020-06-09 15:34:16.739,-46,1,-50,dev,16:7F:28:E3:B2:44,DC9C2A65865D62870E716FEDF63808E8
2020-06-09 15:34:16.850,-47,1,-51,dev,4E:4F:FA:DF:09:C5,EDEBC6F5F056A11088386086717D9AFD
2020-06-09 15:34:16.978,-45,1,-49,dev,16:7F:28:E3:B2:44,DC9C2A65865D62870E716FEDF63808E8
2020-06-09 15:34:17.129,-48,1,-52,dev,4E:4F:FA:DF:09:C5,EDEBC6F5F056A11088386086717D9AFD
2020-06-09 15:34:17.255,-46,1,-50,dev,16:7F:28:E3:B2:44,DC9C2A65865D62870E716FEDF63808E8
2020-06-09 15:34:17.433,-46,1,-50,dev,4E:4F:FA:DF:09:C5,EDEBC6F5F056A11088386086717D9AFD
2020-06-09 15:34:17.536,-45,1,-49,dev,16:7F:28:E3:B2:44,DC9C2A65865D62870E716FEDF63808E8
2020-06-09 15:34:17.703,-46,1,-50,dev,4E:4F:FA:DF:09:C5,EDEBC6F5F056A11088386086717D9AFD
2020-06-09 15:34:17.806,-46,1,-50,dev,16:7F:28:E3:B2:44,DC9C2A65865D62870E716FEDF63808E8
2020-06-09 15:34:17.985,-47,1,-51,dev,4E:4F:FA:DF:09:C5,EDEBC6F5F056A11088386086717D9AFD
2020-06-09 15:34:18.074,-45,1,-49,dev,16:7F:28:E3:B2:44,DC9C2A65865D62870E716FEDF63808E8
2020-06-09 15:38:38.245,-39,1,-43,dev,16:7F:28:E3:B2:44,DC9C2A65865D62870E716FEDF63808E8
2020-06-09 15:38:38.371,-46,1,-50,dev,5D:AE:1D:22:E7:90,4703AEB0FC00DEF3FDAA47B64B2B1226
2020-06-09 15:38:38.525,-39,1,-43,dev,16:7F:28:E3:B2:44,DC9C2A65865D62870E716FEDF63808E8
2020-06-09 15:38:38.644,-46,1,-50,dev,5D:AE:1D:22:E7:90,4703AEB0FC00DEF3FDAA47B64B2B1226
2020-06-09 15:38:38.795,-39,1,-43,dev,16:7F:28:E3:B2:44,DC9C2A65865D62870E716FEDF63808E8
2020-06-09 15:38:38.943,-46,1,-50,dev,5D:AE:1D:22:E7:90,4703AEB0FC00DEF3FDAA47B64B2B1226
2020-06-09 15:38:39.075,-39,1,-43,dev,16:7F:28:E3:B2:44,DC9C2A65865D62870E716FEDF63808E8
2020-06-09 15:38:39.221,-35,1,-39,dev,5D:AE:1D:22:E7:90,4703AEB0FC00DEF3FDAA47B64B2B1226
2020-06-09 15:38:39.346,-39,1,-43,dev,16:7F:28:E3:B2:44,DC9C2A65865D62870E716FEDF63808E8
2020-06-09 15:38:39.526,-46,1,-50,dev,5D:AE:1D:22:E7:90,4703AEB0FC00DEF3FDAA47B64B2B1226
2020-06-09 15:38:39.624,-39,1,-43,dev,16:7F:28:E3:B2:44,DC9C2A65865D62870E716FEDF63808E8
2020-06-09 15:38:39.804,-46,1,-50,dev,5D:AE:1D:22:E7:90,4703AEB0FC00DEF3FDAA47B64B2B1226
2020-06-09 15:38:39.895,-39,1,-43,dev,16:7F:28:E3:B2:44,DC9C2A65865D62870E716FEDF63808E8
2020-06-09 15:38:40.088,-35,1,-39,dev,5D:AE:1D:22:E7:90,4703AEB0FC00DEF3FDAA47B64B2B1226
2020-06-09 15:38:40.173,-39,1,-43,dev,16:7F:28:E3:B2:44,DC9C2A65865D62870E716FEDF63808E8
2020-06-09 15:38:40.374,-35,1,-39,dev,5D:AE:1D:22:E7:90,4703AEB0FC00DEF3FDAA47B64B2B1226
2020-06-09 15:38:40.446,-39,1,-43,dev,16:7F:28:E3:B2:44,DC9C2A65865D62870E716FEDF63808E8
2020-06-09 15:38:40.653,-36,1,-40,dev,5D:AE:1D:22:E7:90,4703AEB0FC00DEF3FDAA47B64B2B1226
2020-06-09 15:38:40.721,-39,1,-43,dev,16:7F:28:E3:B2:44,DC9C2A65865D62870E716FEDF63808E8
2020-06-09 15:38:40.932,-46,1,-50,dev,5D:AE:1D:22:E7:90,4703AEB0FC00DEF3FDAA47B64B2B1226
2020-06-09 15:38:40.996,-39,1,-43,dev,16:7F:28:E3:B2:44,DC9C2A65865D62870E716FEDF63808E8
2020-06-09 15:38:41.213,-36,1,-40,dev,5D:AE:1D:22:E7:90,4703AEB0FC00DEF3FDAA47B64B2B1226
2020-06-09 15:38:41.258,-39,1,-43,dev,16:7F:28:E3:B2:44,DC9C2A65865D62870E716FEDF63808E8
2020-06-09 15:38:41.496,-46,1,-50,dev,5D:AE:1D:22:E7:90,4703AEB0FC00DEF3FDAA47B64B2B1226
2020-06-09 15:38:41.531,-41,1,-45,dev,16:7F:28:E3:B2:44,DC9C2A65865D62870E716FEDF63808E8
2020-06-09 15:38:41.782,-46,1,-50,dev,5D:AE:1D:22:E7:90,4703AEB0FC00DEF3FDAA47B64B2B1226
2020-06-09 15:38:41.806,-39,1,-43,dev,16:7F:28:E3:B2:44,DC9C2A65865D62870E716FEDF63808E8
2020-06-09 15:38:42.067,-46,1,-50,dev,5D:AE:1D:22:E7:90,4703AEB0FC00DEF3FDAA47B64B2B1226
2020-06-09 15:38:42.080,-39,1,-43,dev,16:7F:28:E3:B2:44,DC9C2A65865D62870E716FEDF63808E8
2020-06-09 15:43:37.366,-46,1,-50,dev,5D:AE:1D:22:E7:90,4703AEB0FC00DEF3FDAA47B64B2B1226
2020-06-09 15:43:37.412,-36,1,-40,dev,16:7F:28:E3:B2:44,DC9C2A65865D62870E716FEDF63808E8
2020-06-09 15:43:37.654,-46,1,-50,dev,5D:AE:1D:22:E7:90,4703AEB0FC00DEF3FDAA47B64B2B1226
2020-06-09 15:43:37.687,-36,1,-40,dev,16:7F:28:E3:B2:44,DC9C2A65865D62870E716FEDF63808E8
2020-06-09 15:43:37.940,-46,1,-50,dev,5D:AE:1D:22:E7:90,4703AEB0FC00DEF3FDAA47B64B2B1226
2020-06-09 15:43:37.962,-36,1,-40,dev,16:7F:28:E3:B2:44,DC9C2A65865D62870E716FEDF63808E8
2020-06-09 15:43:38.223,-46,1,-50,dev,5D:AE:1D:22:E7:90,4703AEB0FC00DEF3FDAA47B64B2B1226
2020-06-09 15:43:38.227,-37,1,-41,dev,16:7F:28:E3:B2:44,DC9C2A65865D62870E716FEDF63808E8
2020-06-09 15:43:38.523,-46,1,-50,dev,5D:AE:1D:22:E7:90,4703AEB0FC00DEF3FDAA47B64B2B1226
2020-06-09 15:43:38.527,-38,1,-42,dev,16:7F:28:E3:B2:44,DC9C2A65865D62870E716FEDF63808E8
2020-06-09 15:43:38.801,-38,1,-42,dev,16:7F:28:E3:B2:44,DC9C2A65865D62870E716FEDF63808E8
2020-06-09 15:43:38.806,-46,1,-50,dev,5D:AE:1D:22:E7:90,4703AEB0FC00DEF3FDAA47B64B2B1226
2020-06-09 15:43:39.075,-37,1,-41,dev,16:7F:28:E3:B2:44,DC9C2A65865D62870E716FEDF63808E8
2020-06-09 15:43:39.080,-46,1,-50,dev,5D:AE:1D:22:E7:90,4703AEB0FC00DEF3FDAA47B64B2B1226
2020-06-09 15:43:39.355,-37,1,-41,dev,16:7F:28:E3:B2:44,DC9C2A65865D62870E716FEDF63808E8
2020-06-09 15:43:39.367,-46,1,-50,dev,5D:AE:1D:22:E7:90,4703AEB0FC00DEF3FDAA47B64B2B1226
2020-06-09 15:43:39.614,-37,1,-41,dev,16:7F:28:E3:B2:44,DC9C2A65865D62870E716FEDF63808E8
2020-06-09 15:43:39.654,-46,1,-50,dev,5D:AE:1D:22:E7:90,4703AEB0FC00DEF3FDAA47B64B2B1226
2020-06-09 15:43:39.889,-39,1,-43,dev,16:7F:28:E3:B2:44,DC9C2A65865D62870E716FEDF63808E8
2020-06-09 15:43:39.940,-46,1,-50,dev,5D:AE:1D:22:E7:90,4703AEB0FC00DEF3FDAA47B64B2B1226
2020-06-09 15:43:40.232,-46,1,-50,dev,5D:AE:1D:22:E7:90,4703AEB0FC00DEF3FDAA47B64B2B1226
2020-06-09 15:43:40.438,-38,1,-42,dev,16:7F:28:E3:B2:44,DC9C2A65865D62870E716FEDF63808E8
2020-06-09 15:43:40.519,-35,1,-39,dev,5D:AE:1D:22:E7:90,4703AEB0FC00DEF3FDAA47B64B2B1226
2020-06-09 15:43:40.706,-38,1,-42,dev,16:7F:28:E3:B2:44,DC9C2A65865D62870E716FEDF63808E8
2020-06-09 15:43:40.813,-46,1,-50,dev,5D:AE:1D:22:E7:90,4703AEB0FC00DEF3FDAA47B64B2B1226
2020-06-09 15:43:40.984,-38,1,-42,dev,16:7F:28:E3:B2:44,DC9C2A65865D62870E716FEDF63808E8
2020-06-09 15:43:41.090,-46,1,-50,dev,5D:AE:1D:22:E7:90,4703AEB0FC00DEF3FDAA47B64B2B1226
2020-06-09 15:48:06.201,-36,1,-40,dev,16:7F:28:E3:B2:44,DC9C2A65865D62870E716FEDF63808E8
2020-06-09 15:48:06.436,-46,1,-50,dev,5D:AE:1D:22:E7:90,4703AEB0FC00DEF3FDAA47B64B2B1226
2020-06-09 15:48:06.486,-36,1,-40,dev,16:7F:28:E3:B2:44,DC9C2A65865D62870E716FEDF63808E8
2020-06-09 15:48:06.718,-46,1,-50,dev,5D:AE:1D:22:E7:90,4703AEB0FC00DEF3FDAA47B64B2B1226
2020-06-09 15:48:06.764,-36,1,-40,dev,16:7F:28:E3:B2:44,DC9C2A65865D62870E716FEDF63808E8
2020-06-09 15:48:07.004,-46,1,-50,dev,5D:AE:1D:22:E7:90,4703AEB0FC00DEF3FDAA47B64B2B1226
2020-06-09 15:48:07.034,-36,1,-40,dev,16:7F:28:E3:B2:44,DC9C2A65865D62870E716FEDF63808E8
2020-06-09 15:48:07.287,-46,1,-50,dev,5D:AE:1D:22:E7:90,4703AEB0FC00DEF3FDAA47B64B2B1226
2020-06-09 15:48:07.303,-37,1,-41,dev,16:7F:28:E3:B2:44,DC9C2A65865D62870E716FEDF63808E8
2020-06-09 15:48:07.572,-46,1,-50,dev,5D:AE:1D:22:E7:90,4703AEB0FC00DEF3FDAA47B64B2B1226
2020-06-09 15:48:07.576,-38,1,-42,dev,16:7F:28:E3:B2:44,DC9C2A65865D62870E716FEDF63808E8
2020-06-09 15:48:07.850,-36,1,-40,dev,16:7F:28:E3:B2:44,DC9C2A65865D62870E716FEDF63808E8
2020-06-09 15:48:07.854,-46,1,-50,dev,5D:AE:1D:22:E7:90,4703AEB0FC00DEF3FDAA47B64B2B1226
2020-06-09 15:48:08.124,-36,1,-40,dev,16:7F:28:E3:B2:44,DC9C2A65865D62870E716FEDF63808E8
2020-06-09 15:48:08.132,-46,1,-50,dev,5D:AE:1D:22:E7:90,4703AEB0FC00DEF3FDAA47B64B2B1226
2020-06-09 15:48:08.393,-36,1,-40,dev,16:7F:28:E3:B2:44,DC9C2A65865D62870E716FEDF63808E8
2020-06-09 15:48:08.415,-46,1,-50,dev,5D:AE:1D:22:E7:90,4703AEB0FC00DEF3FDAA47B64B2B1226
2020-06-09 15:48:08.665,-36,1,-40,dev,16:7F:28:E3:B2:44,DC9C2A65865D62870E716FEDF63808E8
2020-06-09 15:48:08.704,-46,1,-50,dev,5D:AE:1D:22:E7:90,4703AEB0FC00DEF3FDAA47B64B2B1226
2020-06-09 15:48:08.937,-36,1,-40,dev,16:7F:28:E3:B2:44,DC9C2A65865D62870E716FEDF63808E8
2020-06-09 15:48:08.993,-46,1,-50,dev,5D:AE:1D:22:E7:90,4703AEB0FC00DEF3FDAA47B64B2B1226
2020-06-09 15:48:09.281,-46,1,-50,dev,5D:AE:1D:22:E7:90,4703AEB0FC00DEF3FDAA47B64B2B1226
2020-06-09 15:48:09.475,-36,1,-40,dev,16:7F:28:E3:B2:44,DC9C2A65865D62870E716FEDF63808E8
2020-06-09 15:48:09.568,-46,1,-50,dev,5D:AE:1D:22:E7:90,4703AEB0FC00DEF3FDAA47B64B2B1226
2020-06-09 15:48:09.760,-36,1,-40,dev,16:7F:28:E3:B2:44,DC9C2A65865D62870E716FEDF63808E8
2020-06-09 15:48:09.856,-46,1,-50,dev,5D:AE:1D:22:E7:90,4703AEB0FC00DEF3FDAA47B64B2B1226
2020-06-09 15:48:10.034,-36,1,-40,dev,16:7F:28:E3:B2:44,DC9C2A65865D62870E716FEDF63808E8
2020-06-09 15:52:44.292,-40,1,-44,dev,16:7F:28:E3:B2:44,DC9C2A65865D62870E716FEDF63808E8
2020-06-09 15:52:44.398,-46,1,-50,dev,45:F2:9D:28:96:E0,FA92CEA2D8D593E806D9B967222F476C
2020-06-09 15:52:44.561,-40,1,-44,dev,16:7F:28:E3:B2:44,DC9C2A65865D62870E716FEDF63808E8
2020-06-09 15:52:44.680,-46,1,-50,dev,45:F2:9D:28:96:E0,FA92CEA2D8D593E806D9B967222F476C
2020-06-09 15:52:44.965,-46,1,-50,dev,45:F2:9D:28:96:E0,FA92CEA2D8D593E806D9B967222F476C
2020-06-09 15:52:45.109,-40,1,-44,dev,16:7F:28:E3:B2:44,DC9C2A65865D62870E716FEDF63808E8
2020-06-09 15:52:45.247,-46,1,-50,dev,45:F2:9D:28:96:E0,FA92CEA2D8D593E806D9B967222F476C
2020-06-09 15:52:45.382,-38,1,-42,dev,16:7F:28:E3:B2:44,DC9C2A65865D62870E716FEDF63808E8
2020-06-09 15:52:45.535,-46,1,-50,dev,45:F2:9D:28:96:E0,FA92CEA2D8D593E806D9B967222F476C
2020-06-09 15:52:45.658,-40,1,-44,dev,16:7F:28:E3:B2:44,DC9C2A65865D62870E716FEDF63808E8
2020-06-09 15:52:45.831,-46,1,-50,dev,45:F2:9D:28:96:E0,FA92CEA2D8D593E806D9B967222F476C
2020-06-09 15:52:45.935,-40,1,-44,dev,16:7F:28:E3:B2:44,DC9C2A65865D62870E716FEDF63808E8
2020-06-09 15:52:46.216,-40,1,-44,dev,16:7F:28:E3:B2:44,DC9C2A65865D62870E716FEDF63808E8
2020-06-09 15:52:46.403,-46,1,-50,dev,45:F2:9D:28:96:E0,FA92CEA2D8D593E806D9B967222F476C
2020-06-09 15:52:46.472,-39,1,-43,dev,16:7F:28:E3:B2:44,DC9C2A65865D62870E716FEDF63808E8
2020-06-09 15:52:46.692,-46,1,-50,dev,45:F2:9D:28:96:E0,FA92CEA2D8D593E806D9B967222F476C
2020-06-09 15:52:46.740,-38,1,-42,dev,16:7F:28:E3:B2:44,DC9C2A65865D62870E716FEDF63808E8
2020-06-09 15:52:46.963,-35,1,-39,dev,45:F2:9D:28:96:E0,FA92CEA2D8D593E806D9B967222F476C
2020-06-09 15:52:47.011,-38,1,-42,dev,16:7F:28:E3:B2:44,DC9C2A65865D62870E716FEDF63808E8
2020-06-09 15:52:47.254,-46,1,-50,dev,45:F2:9D:28:96:E0,FA92CEA2D8D593E806D9B967222F476C
2020-06-09 15:52:47.280,-38,1,-42,dev,16:7F:28:E3:B2:44,DC9C2A65865D62870E716FEDF63808E8
2020-06-09 15:52:47.546,-46,1,-50,dev,45:F2:9D:28:96:E0,FA92CEA2D8D593E806D9B967222F476C
2020-06-09 15:52:47.563,-38,1,-42,dev,16:7F:28:E3:B2:44,DC9C2A65865D62870E716FEDF63808E8
2020-06-09 15:52:47.828,-46,1,-50,dev,45:F2:9D:28:96:E0,FA92CEA2D8D593E806D9B967222F476C
2020-06-09 15:52:47.836,-39,1,-43,dev,16:7F:28:E3:B2:44,DC9C2A65865D62870E716FEDF63808E8
