2020-06-30 18:52:15.805,-76,1,-82,dev,54:6D:B0:F5:85:DB,4BEACCEF5B0BD0E6D5EE5B42295214CA
2020-06-30 18:52:16.081,-76,1,-82,dev,54:6D:B0:F5:85:DB,4BEACCEF5B0BD0E6D5EE5B42295214CA
2020-06-30 18:52:16.368,-76,1,-82,dev,54:6D:B0:F5:85:DB,4BEACCEF5B0BD0E6D5EE5B42295214CA
2020-06-30 18:52:16.657,-75,1,-81,dev,54:6D:B0:F5:85:DB,4BEACCEF5B0BD0E6D5EE5B42295214CA
2020-06-30 18:52:16.944,-74,1,-80,dev,54:6D:B0:F5:85:DB,4BEACCEF5B0BD0E6D5EE5B42295214CA
2020-06-30 18:52:17.227,-75,1,-81,dev,54:6D:B0:F5:85:DB,4BEACCEF5B0BD0E6D5EE5B42295214CA
2020-06-30 18:52:17.514,-75,1,-81,dev,54:6D:B0:F5:85:DB,4BEACCEF5B0BD0E6D5EE5B42295214CA
2020-06-30 18:52:17.802,-75,1,-81,dev,54:6D:B0:F5:85:DB,4BEACCEF5B0BD0E6D5EE5B42295214CA
2020-06-30 18:52:18.092,-75,1,-81,dev,54:6D:B0:F5:85:DB,4BEACCEF5B0BD0E6D5EE5B42295214CA
2020-06-30 18:52:18.376,-75,1,-81,dev,54:6D:B0:F5:85:DB,4BEACCEF5B0BD0E6D5EE5B42295214CA
2020-06-30 18:52:18.664,-75,1,-81,dev,54:6D:B0:F5:85:DB,4BEACCEF5B0BD0E6D5EE5B42295214CA
2020-06-30 18:52:18.949,-75,1,-81,dev,54:6D:B0:F5:85:DB,4BEACCEF5B0BD0E6D5EE5B42295214CA
2020-06-30 18:52:19.234,-73,1,-79,dev,54:6D:B0:F5:85:DB,4BEACCEF5B0BD0E6D5EE5B42295214CA
2020-06-30 18:55:47.554,-51,1,-57,dev,73:AF:87:3F:C4:FD,8E7FF08955F56FF99EB2F50105F1E4C0
2020-06-30 18:55:47.570,-73,1,-79,dev,58:80:F1:43:EB:64,173244DC15ACB89450EA96B4C7E3510D
2020-06-30 18:55:47.852,-73,1,-79,dev,58:80:F1:43:EB:64,173244DC15ACB89450EA96B4C7E3510D
2020-06-30 18:55:48.131,-51,1,-57,dev,73:AF:87:3F:C4:FD,8E7FF08955F56FF99EB2F50105F1E4C0
2020-06-30 18:55:48.142,-74,1,-80,dev,58:80:F1:43:EB:64,173244DC15ACB89450EA96B4C7E3510D
2020-06-30 18:55:48.415,-51,1,-57,dev,73:AF:87:3F:C4:FD,8E7FF08955F56FF99EB2F50105F1E4C0
2020-06-30 18:55:48.426,-73,1,-79,dev,58:80:F1:43:EB:64,173244DC15ACB89450EA96B4C7E3510D
2020-06-30 18:55:48.705,-51,1,-57,dev,73:AF:87:3F:C4:FD,8E7FF08955F56FF99EB2F50105F1E4C0
2020-06-30 18:55:48.717,-74,1,-80,dev,58:80:F1:43:EB:64,173244DC15ACB89450EA96B4C7E3510D
2020-06-30 18:55:48.999,-51,1,-57,dev,73:AF:87:3F:C4:FD,8E7FF08955F56FF99EB2F50105F1E4C0
2020-06-30 18:55:49.010,-73,1,-79,dev,58:80:F1:43:EB:64,173244DC15ACB89450EA96B4C7E3510D
2020-06-30 18:55:49.556,-51,1,-57,dev,73:AF:87:3F:C4:FD,8E7FF08955F56FF99EB2F50105F1E4C0
2020-06-30 18:55:49.563,-73,1,-79,dev,58:80:F1:43:EB:64,173244DC15ACB89450EA96B4C7E3510D
2020-06-30 18:55:49.848,-51,1,-57,dev,73:AF:87:3F:C4:FD,8E7FF08955F56FF99EB2F50105F1E4C0
2020-06-30 18:55:49.860,-73,1,-79,dev,58:80:F1:43:EB:64,173244DC15ACB89450EA96B4C7E3510D
2020-06-30 18:55:50.134,-51,1,-57,dev,73:AF:87:3F:C4:FD,8E7FF08955F56FF99EB2F50105F1E4C0
2020-06-30 18:55:50.147,-72,1,-78,dev,58:80:F1:43:EB:64,173244DC15ACB89450EA96B4C7E3510D
2020-06-30 18:55:50.417,-51,1,-57,dev,73:AF:87:3F:C4:FD,8E7FF08955F56FF99EB2F50105F1E4C0
2020-06-30 18:55:50.700,-51,1,-57,dev,73:AF:87:3F:C4:FD,8E7FF08955F56FF99EB2F50105F1E4C0
2020-06-30 18:55:50.712,-73,1,-79,dev,58:80:F1:43:EB:64,173244DC15ACB89450EA96B4C7E3510D
2020-06-30 18:55:50.988,-51,1,-57,dev,73:AF:87:3F:C4:FD,8E7FF08955F56FF99EB2F50105F1E4C0
2020-06-30 18:55:51.000,-73,1,-79,dev,58:80:F1:43:EB:64,173244DC15ACB89450EA96B4C7E3510D
2020-06-30 18:55:51.275,-51,1,-57,dev,73:AF:87:3F:C4:FD,8E7FF08955F56FF99EB2F50105F1E4C0
2020-06-30 18:55:51.294,-74,1,-80,dev,58:80:F1:43:EB:64,173244DC15ACB89450EA96B4C7E3510D
2020-06-30 18:59:50.655,-73,1,-79,dev,58:80:F1:43:EB:64,173244DC15ACB89450EA96B4C7E3510D
2020-06-30 18:59:50.760,-53,1,-59,dev,73:AF:87:3F:C4:FD,8E7FF08955F56FF99EB2F50105F1E4C0
2020-06-30 18:59:50.946,-73,1,-79,dev,58:80:F1:43:EB:64,173244DC15ACB89450EA96B4C7E3510D
2020-06-30 18:59:51.056,-53,1,-59,dev,73:AF:87:3F:C4:FD,8E7FF08955F56FF99EB2F50105F1E4C0
2020-06-30 18:59:51.238,-73,1,-79,dev,58:80:F1:43:EB:64,173244DC15ACB89450EA96B4C7E3510D
2020-06-30 18:59:51.346,-53,1,-59,dev,73:AF:87:3F:C4:FD,8E7FF08955F56FF99EB2F50105F1E4C0
2020-06-30 18:59:51.512,-73,1,-79,dev,58:80:F1:43:EB:64,173244DC15ACB89450EA96B4C7E3510D
2020-06-30 18:59:51.626,-53,1,-59,dev,73:AF:87:3F:C4:FD,8E7FF08955F56FF99EB2F50105F1E4C0
2020-06-30 18:59:51.806,-73,1,-79,dev,58:80:F1:43:EB:64,173244DC15ACB89450EA96B4C7E3510D
2020-06-30 18:59:51.923,-53,1,-59,dev,73:AF:87:3F:C4:FD,8E7FF08955F56FF99EB2F50105F1E4C0
2020-06-30 18:59:52.087,-73,1,-79,dev,58:80:F1:43:EB:64,173244DC15ACB89450EA96B4C7E3510D
2020-06-30 18:59:52.200,-53,1,-59,dev,73:AF:87:3F:C4:FD,8E7FF08955F56FF99EB2F50105F1E4C0
2020-06-30 18:59:52.378,-73,1,-79,dev,58:80:F1:43:EB:64,173244DC15ACB89450EA96B4C7E3510D
2020-06-30 18:59:52.658,-73,1,-79,dev,58:80:F1:43:EB:64,173244DC15ACB89450EA96B4C7E3510D
2020-06-30 18:59:52.777,-53,1,-59,dev,73:AF:87:3F:C4:FD,8E7FF08955F56FF99EB2F50105F1E4C0
2020-06-30 18:59:53.060,-53,1,-59,dev,73:AF:87:3F:C4:FD,8E7FF08955F56FF99EB2F50105F1E4C0
2020-06-30 18:59:53.225,-74,1,-80,dev,58:80:F1:43:EB:64,173244DC15ACB89450EA96B4C7E3510D
2020-06-30 18:59:53.342,-52,1,-58,dev,73:AF:87:3F:C4:FD,8E7FF08955F56FF99EB2F50105F1E4C0
2020-06-30 18:59:53.626,-54,1,-60,dev,73:AF:87:3F:C4:FD,8E7FF08955F56FF99EB2F50105F1E4C0
2020-06-30 18:59:53.800,-72,1,-78,dev,58:80:F1:43:EB:64,173244DC15ACB89450EA96B4C7E3510D
2020-06-30 18:59:53.914,-48,1,-54,dev,73:AF:87:3F:C4:FD,8E7FF08955F56FF99EB2F50105F1E4C0
2020-06-30 18:59:54.081,-73,1,-79,dev,58:80:F1:43:EB:64,173244DC15ACB89450EA96B4C7E3510D
2020-06-30 18:59:54.201,-49,1,-55,dev,73:AF:87:3F:C4:FD,8E7FF08955F56FF99EB2F50105F1E4C0
2020-06-30 18:59:54.365,-75,1,-81,dev,58:80:F1:43:EB:64,173244DC15ACB89450EA96B4C7E3510D
2020-06-30 18:59:54.484,-50,1,-56,dev,73:AF:87:3F:C4:FD,8E7FF08955F56FF99EB2F50105F1E4C0
2020-06-30 19:03:36.987,-52,1,-58,dev,73:AF:87:3F:C4:FD,6F8BC30CBC33817AA5157CFF1D56BE06
2020-06-30 19:03:37.257,-71,1,-77,dev,58:80:F1:43:EB:64,173244DC15ACB89450EA96B4C7E3510D
2020-06-30 19:03:37.264,-52,1,-58,dev,73:AF:87:3F:C4:FD,6F8BC30CBC33817AA5157CFF1D56BE06
2020-06-30 19:03:37.540,-71,1,-77,dev,58:80:F1:43:EB:64,173244DC15ACB89450EA96B4C7E3510D
2020-06-30 19:03:37.546,-52,1,-58,dev,73:AF:87:3F:C4:FD,6F8BC30CBC33817AA5157CFF1D56BE06
2020-06-30 19:03:37.826,-71,1,-77,dev,58:80:F1:43:EB:64,173244DC15ACB89450EA96B4C7E3510D
2020-06-30 19:03:37.833,-52,1,-58,dev,73:AF:87:3F:C4:FD,6F8BC30CBC33817AA5157CFF1D56BE06
2020-06-30 19:03:38.120,-71,1,-77,dev,58:80:F1:43:EB:64,173244DC15ACB89450EA96B4C7E3510D
2020-06-30 19:03:38.126,-52,1,-58,dev,73:AF:87:3F:C4:FD,6F8BC30CBC33817AA5157CFF1D56BE06
2020-06-30 19:03:38.404,-71,1,-77,dev,58:80:F1:43:EB:64,173244DC15ACB89450EA96B4C7E3510D
2020-06-30 19:03:38.410,-52,1,-58,dev,73:AF:87:3F:C4:FD,6F8BC30CBC33817AA5157CFF1D56BE06
2020-06-30 19:03:38.692,-72,1,-78,dev,58:80:F1:43:EB:64,173244DC15ACB89450EA96B4C7E3510D
2020-06-30 19:03:38.698,-52,1,-58,dev,73:AF:87:3F:C4:FD,6F8BC30CBC33817AA5157CFF1D56BE06
2020-06-30 19:03:38.972,-70,1,-76,dev,58:80:F1:43:EB:64,173244DC15ACB89450EA96B4C7E3510D
2020-06-30 19:03:38.977,-52,1,-58,dev,73:AF:87:3F:C4:FD,6F8BC30CBC33817AA5157CFF1D56BE06
2020-06-30 19:03:39.271,-69,1,-75,dev,58:80:F1:43:EB:64,173244DC15ACB89450EA96B4C7E3510D
2020-06-30 19:03:39.278,-51,1,-57,dev,73:AF:87:3F:C4:FD,6F8BC30CBC33817AA5157CFF1D56BE06
2020-06-30 19:03:39.558,-52,1,-58,dev,73:AF:87:3F:C4:FD,6F8BC30CBC33817AA5157CFF1D56BE06
2020-06-30 19:03:39.841,-70,1,-76,dev,58:80:F1:43:EB:64,173244DC15ACB89450EA96B4C7E3510D
2020-06-30 19:03:39.848,-51,1,-57,dev,73:AF:87:3F:C4:FD,6F8BC30CBC33817AA5157CFF1D56BE06
2020-06-30 19:03:40.130,-51,1,-57,dev,73:AF:87:3F:C4:FD,6F8BC30CBC33817AA5157CFF1D56BE06
2020-06-30 19:03:40.136,-69,1,-75,dev,58:80:F1:43:EB:64,173244DC15ACB89450EA96B4C7E3510D
2020-06-30 19:03:40.409,-52,1,-58,dev,73:AF:87:3F:C4:FD,6F8BC30CBC33817AA5157CFF1D56BE06
2020-06-30 19:03:40.415,-69,1,-75,dev,58:80:F1:43:EB:64,173244DC15ACB89450EA96B4C7E3510D
2020-06-30 19:03:40.684,-52,1,-58,dev,73:AF:87:3F:C4:FD,6F8BC30CBC33817AA5157CFF1D56BE06
2020-06-30 19:03:40.690,-70,1,-76,dev,58:80:F1:43:EB:64,173244DC15ACB89450EA96B4C7E3510D
2020-06-30 19:07:54.040,-71,1,-77,dev,51:A3:76:ED:3D:F3,354A0BED31251374F7FB6BEC5DD93BB8
2020-06-30 19:07:54.255,-58,1,-64,dev,42:47:5C:C9:85:BB,6F8BC30CBC33817AA5157CFF1D56BE06
2020-06-30 19:07:54.336,-72,1,-78,dev,51:A3:76:ED:3D:F3,354A0BED31251374F7FB6BEC5DD93BB8
2020-06-30 19:07:54.624,-72,1,-78,dev,51:A3:76:ED:3D:F3,354A0BED31251374F7FB6BEC5DD93BB8
2020-06-30 19:07:54.905,-72,1,-78,dev,51:A3:76:ED:3D:F3,354A0BED31251374F7FB6BEC5DD93BB8
2020-06-30 19:07:55.201,-72,1,-78,dev,51:A3:76:ED:3D:F3,354A0BED31251374F7FB6BEC5DD93BB8
2020-06-30 19:07:55.408,-58,1,-64,dev,42:47:5C:C9:85:BB,6F8BC30CBC33817AA5157CFF1D56BE06
2020-06-30 19:07:55.488,-72,1,-78,dev,51:A3:76:ED:3D:F3,354A0BED31251374F7FB6BEC5DD93BB8
2020-06-30 19:07:55.692,-58,1,-64,dev,42:47:5C:C9:85:BB,6F8BC30CBC33817AA5157CFF1D56BE06
2020-06-30 19:07:55.770,-73,1,-79,dev,51:A3:76:ED:3D:F3,354A0BED31251374F7FB6BEC5DD93BB8
2020-06-30 19:07:55.977,-58,1,-64,dev,42:47:5C:C9:85:BB,6F8BC30CBC33817AA5157CFF1D56BE06
2020-06-30 19:07:56.061,-72,1,-78,dev,51:A3:76:ED:3D:F3,354A0BED31251374F7FB6BEC5DD93BB8
2020-06-30 19:07:56.352,-74,1,-80,dev,51:A3:76:ED:3D:F3,354A0BED31251374F7FB6BEC5DD93BB8
2020-06-30 19:07:56.643,-73,1,-79,dev,51:A3:76:ED:3D:F3,354A0BED31251374F7FB6BEC5DD93BB8
2020-06-30 19:07:56.835,-58,1,-64,dev,42:47:5C:C9:85:BB,6F8BC30CBC33817AA5157CFF1D56BE06
2020-06-30 19:07:56.929,-73,1,-79,dev,51:A3:76:ED:3D:F3,354A0BED31251374F7FB6BEC5DD93BB8
2020-06-30 19:07:57.522,-73,1,-79,dev,51:A3:76:ED:3D:F3,354A0BED31251374F7FB6BEC5DD93BB8
2020-06-30 19:07:57.790,-73,1,-79,dev,51:A3:76:ED:3D:F3,354A0BED31251374F7FB6BEC5DD93BB8
2020-06-30 19:07:57.972,-58,1,-64,dev,42:47:5C:C9:85:BB,6F8BC30CBC33817AA5157CFF1D56BE06
2020-06-30 19:11:46.290,-58,1,-64,dev,42:47:5C:C9:85:BB,8CFCEAF5774F22CA004D28C194F70C56
2020-06-30 19:11:46.462,-73,1,-79,dev,51:A3:76:ED:3D:F3,354A0BED31251374F7FB6BEC5DD93BB8
2020-06-30 19:11:46.571,-58,1,-64,dev,42:47:5C:C9:85:BB,8CFCEAF5774F22CA004D28C194F70C56
2020-06-30 19:11:46.744,-73,1,-79,dev,51:A3:76:ED:3D:F3,354A0BED31251374F7FB6BEC5DD93BB8
2020-06-30 19:11:46.857,-58,1,-64,dev,42:47:5C:C9:85:BB,8CFCEAF5774F22CA004D28C194F70C56
2020-06-30 19:11:47.030,-73,1,-79,dev,51:A3:76:ED:3D:F3,354A0BED31251374F7FB6BEC5DD93BB8
2020-06-30 19:11:47.137,-58,1,-64,dev,42:47:5C:C9:85:BB,8CFCEAF5774F22CA004D28C194F70C56
2020-06-30 19:11:47.317,-73,1,-79,dev,51:A3:76:ED:3D:F3,354A0BED31251374F7FB6BEC5DD93BB8
2020-06-30 19:11:47.427,-58,1,-64,dev,42:47:5C:C9:85:BB,8CFCEAF5774F22CA004D28C194F70C56
2020-06-30 19:11:47.600,-73,1,-79,dev,51:A3:76:ED:3D:F3,354A0BED31251374F7FB6BEC5DD93BB8
2020-06-30 19:11:47.713,-58,1,-64,dev,42:47:5C:C9:85:BB,8CFCEAF5774F22CA004D28C194F70C56
2020-06-30 19:11:47.890,-72,1,-78,dev,51:A3:76:ED:3D:F3,354A0BED31251374F7FB6BEC5DD93BB8
2020-06-30 19:11:48.283,-58,1,-64,dev,42:47:5C:C9:85:BB,8CFCEAF5774F22CA004D28C194F70C56
2020-06-30 19:11:48.459,-72,1,-78,dev,51:A3:76:ED:3D:F3,354A0BED31251374F7FB6BEC5DD93BB8
2020-06-30 19:11:48.741,-72,1,-78,dev,51:A3:76:ED:3D:F3,354A0BED31251374F7FB6BEC5DD93BB8
2020-06-30 19:11:48.853,-58,1,-64,dev,42:47:5C:C9:85:BB,8CFCEAF5774F22CA004D28C194F70C56
2020-06-30 19:11:49.022,-72,1,-78,dev,51:A3:76:ED:3D:F3,354A0BED31251374F7FB6BEC5DD93BB8
2020-06-30 19:11:49.138,-57,1,-63,dev,42:47:5C:C9:85:BB,8CFCEAF5774F22CA004D28C194F70C56
2020-06-30 19:11:49.310,-72,1,-78,dev,51:A3:76:ED:3D:F3,354A0BED31251374F7FB6BEC5DD93BB8
2020-06-30 19:11:49.420,-58,1,-64,dev,42:47:5C:C9:85:BB,8CFCEAF5774F22CA004D28C194F70C56
2020-06-30 19:11:49.595,-72,1,-78,dev,51:A3:76:ED:3D:F3,354A0BED31251374F7FB6BEC5DD93BB8
2020-06-30 19:11:49.711,-58,1,-64,dev,42:47:5C:C9:85:BB,8CFCEAF5774F22CA004D28C194F70C56
2020-06-30 19:11:49.879,-72,1,-78,dev,51:A3:76:ED:3D:F3,354A0BED31251374F7FB6BEC5DD93BB8
2020-06-30 19:11:49.992,-58,1,-64,dev,42:47:5C:C9:85:BB,8CFCEAF5774F22CA004D28C194F70C56
2020-06-30 19:15:37.424,-58,1,-64,dev,42:47:5C:C9:85:BB,8CFCEAF5774F22CA004D28C194F70C56
2020-06-30 19:15:37.564,-73,1,-79,dev,51:A3:76:ED:3D:F3,354A0BED31251374F7FB6BEC5DD93BB8
2020-06-30 19:15:37.849,-74,1,-80,dev,51:A3:76:ED:3D:F3,354A0BED31251374F7FB6BEC5DD93BB8
2020-06-30 19:15:38.003,-59,1,-65,dev,42:47:5C:C9:85:BB,8CFCEAF5774F22CA004D28C194F70C56
2020-06-30 19:15:38.138,-73,1,-79,dev,51:A3:76:ED:3D:F3,354A0BED31251374F7FB6BEC5DD93BB8
2020-06-30 19:15:38.293,-59,1,-65,dev,42:47:5C:C9:85:BB,8CFCEAF5774F22CA004D28C194F70C56
2020-06-30 19:15:38.427,-73,1,-79,dev,51:A3:76:ED:3D:F3,354A0BED31251374F7FB6BEC5DD93BB8
2020-06-30 19:15:38.613,-64,1,-70,dev,42:47:5C:C9:85:BB,8CFCEAF5774F22CA004D28C194F70C56
2020-06-30 19:15:38.717,-74,1,-80,dev,51:A3:76:ED:3D:F3,354A0BED31251374F7FB6BEC5DD93BB8
2020-06-30 19:15:38.858,-59,1,-65,dev,42:47:5C:C9:85:BB,8CFCEAF5774F22CA004D28C194F70C56
2020-06-30 19:15:38.997,-74,1,-80,dev,51:A3:76:ED:3D:F3,354A0BED31251374F7FB6BEC5DD93BB8
2020-06-30 19:15:39.142,-58,1,-64,dev,42:47:5C:C9:85:BB,8CFCEAF5774F22CA004D28C194F70C56
2020-06-30 19:15:39.287,-74,1,-80,dev,51:A3:76:ED:3D:F3,354A0BED31251374F7FB6BEC5DD93BB8
2020-06-30 19:15:39.421,-58,1,-64,dev,42:47:5C:C9:85:BB,8CFCEAF5774F22CA004D28C194F70C56
2020-06-30 19:15:39.579,-74,1,-80,dev,51:A3:76:ED:3D:F3,354A0BED31251374F7FB6BEC5DD93BB8
2020-06-30 19:15:39.709,-58,1,-64,dev,42:47:5C:C9:85:BB,8CFCEAF5774F22CA004D28C194F70C56
2020-06-30 19:15:39.885,-74,1,-80,dev,51:A3:76:ED:3D:F3,354A0BED31251374F7FB6BEC5DD93BB8
2020-06-30 19:15:39.993,-58,1,-64,dev,42:47:5C:C9:85:BB,8CFCEAF5774F22CA004D28C194F70C56
2020-06-30 19:15:40.172,-74,1,-80,dev,51:A3:76:ED:3D:F3,354A0BED31251374F7FB6BEC5DD93BB8
2020-06-30 19:15:40.283,-59,1,-65,dev,42:47:5C:C9:85:BB,8CFCEAF5774F22CA004D28C194F70C56
2020-06-30 19:15:40.461,-74,1,-80,dev,51:A3:76:ED:3D:F3,354A0BED31251374F7FB6BEC5DD93BB8
2020-06-30 19:15:40.567,-58,1,-64,dev,42:47:5C:C9:85:BB,8CFCEAF5774F22CA004D28C194F70C56
2020-06-30 19:15:40.734,-74,1,-80,dev,51:A3:76:ED:3D:F3,354A0BED31251374F7FB6BEC5DD93BB8
2020-06-30 19:15:40.856,-58,1,-64,dev,42:47:5C:C9:85:BB,8CFCEAF5774F22CA004D28C194F70C56
2020-06-30 19:15:41.006,-74,1,-80,dev,51:A3:76:ED:3D:F3,354A0BED31251374F7FB6BEC5DD93BB8
2020-06-30 19:15:41.140,-63,1,-69,dev,42:47:5C:C9:85:BB,8CFCEAF5774F22CA004D28C194F70C56
2020-06-30 19:19:57.378,-77,1,-83,dev,4F:63:A8:3A:2B:4A,D6A641032B95123B17FCDC1B7BDAB91B
2020-06-30 19:19:57.565,-89,1,-95,dev,56:41:D7:B2:33:50,E3C91945B25E8B079C72CFFF5CF27D58
2020-06-30 19:19:57.680,-86,1,-92,dev,4F:63:A8:3A:2B:4A,02C6DC8D44CCDC291F06DBDDD86EC59B
2020-06-30 19:19:57.765,-71,1,-77,dev,51:A3:76:ED:3D:F3,354A0BED31251374F7FB6BEC5DD93BB8
2020-06-30 19:19:57.855,-87,1,-93,dev,56:41:D7:B2:33:50,E3C91945B25E8B079C72CFFF5CF27D58
2020-06-30 19:19:57.964,-86,1,-92,dev,4F:63:A8:3A:2B:4A,02C6DC8D44CCDC291F06DBDDD86EC59B
2020-06-30 19:19:58.044,-71,1,-77,dev,51:A3:76:ED:3D:F3,354A0BED31251374F7FB6BEC5DD93BB8
2020-06-30 19:19:58.138,-88,1,-94,dev,56:41:D7:B2:33:50,E3C91945B25E8B079C72CFFF5CF27D58
2020-06-30 19:19:58.332,-71,1,-77,dev,51:A3:76:ED:3D:F3,354A0BED31251374F7FB6BEC5DD93BB8
2020-06-30 19:19:58.423,-89,1,-95,dev,56:41:D7:B2:33:50,E3C91945B25E8B079C72CFFF5CF27D58
2020-06-30 19:19:58.535,-90,1,-96,dev,4F:63:A8:3A:2B:4A,02C6DC8D44CCDC291F06DBDDD86EC59B
2020-06-30 19:19:58.623,-72,1,-78,dev,51:A3:76:ED:3D:F3,354A0BED31251374F7FB6BEC5DD93BB8
2020-06-30 19:19:58.711,-88,1,-94,dev,56:41:D7:B2:33:50,E3C91945B25E8B079C72CFFF5CF27D58
2020-06-30 19:19:58.816,-89,1,-95,dev,4F:63:A8:3A:2B:4A,02C6DC8D44CCDC291F06DBDDD86EC59B
2020-06-30 19:19:58.904,-71,1,-77,dev,51:A3:76:ED:3D:F3,354A0BED31251374F7FB6BEC5DD93BB8
2020-06-30 19:19:59.098,-90,1,-96,dev,4F:63:A8:3A:2B:4A,02C6DC8D44CCDC291F06DBDDD86EC59B
2020-06-30 19:19:59.190,-64,1,-70,dev,51:A3:76:ED:3D:F3,354A0BED31251374F7FB6BEC5DD93BB8
2020-06-30 19:19:59.278,-90,1,-96,dev,56:41:D7:B2:33:50,E3C91945B25E8B079C72CFFF5CF27D58
2020-06-30 19:19:59.380,-90,1,-96,dev,4F:63:A8:3A:2B:4A,02C6DC8D44CCDC291F06DBDDD86EC59B
2020-06-30 19:19:59.480,-64,1,-70,dev,51:A3:76:ED:3D:F3,354A0BED31251374F7FB6BEC5DD93BB8
2020-06-30 19:19:59.668,-91,1,-97,dev,4F:63:A8:3A:2B:4A,02C6DC8D44CCDC291F06DBDDD86EC59B
2020-06-30 19:19:59.765,-64,1,-70,dev,51:A3:76:ED:3D:F3,354A0BED31251374F7FB6BEC5DD93BB8
2020-06-30 19:19:59.845,-90,1,-96,dev,56:41:D7:B2:33:50,E3C91945B25E8B079C72CFFF5CF27D58
2020-06-30 19:19:59.945,-92,1,-98,dev,4F:63:A8:3A:2B:4A,02C6DC8D44CCDC291F06DBDDD86EC59B
2020-06-30 19:20:00.040,-64,1,-70,dev,51:A3:76:ED:3D:F3,354A0BED31251374F7FB6BEC5DD93BB8
2020-06-30 19:20:00.118,-91,1,-97,dev,56:41:D7:B2:33:50,E3C91945B25E8B079C72CFFF5CF27D58
2020-06-30 19:20:00.233,-90,1,-96,dev,4F:63:A8:3A:2B:4A,02C6DC8D44CCDC291F06DBDDD86EC59B
2020-06-30 19:20:00.336,-64,1,-70,dev,51:A3:76:ED:3D:F3,354A0BED31251374F7FB6BEC5DD93BB8
2020-06-30 19:20:00.417,-88,1,-94,dev,56:41:D7:B2:33:50,E3C91945B25E8B079C72CFFF5CF27D58
2020-06-30 19:20:00.523,-89,1,-95,dev,4F:63:A8:3A:2B:4A,02C6DC8D44CCDC291F06DBDDD86EC59B
2020-06-30 19:20:00.920,-64,1,-70,dev,51:A3:76:ED:3D:F3,354A0BED31251374F7FB6BEC5DD93BB8
2020-06-30 19:20:00.989,-89,1,-95,dev,56:41:D7:B2:33:50,E3C91945B25E8B079C72CFFF5CF27D58
2020-06-30 19:20:01.090,-89,1,-95,dev,4F:63:A8:3A:2B:4A,02C6DC8D44CCDC291F06DBDDD86EC59B
2020-06-30 19:20:01.194,-64,1,-70,dev,51:A3:76:ED:3D:F3,354A0BED31251374F7FB6BEC5DD93BB8
2020-06-30 19:20:01.274,-89,1,-95,dev,56:41:D7:B2:33:50,D9DCB189CFCD1D7F1F2967BF08C46282
2020-06-30 19:20:01.371,-88,1,-94,dev,4F:63:A8:3A:2B:4A,02C6DC8D44CCDC291F06DBDDD86EC59B
2020-06-30 19:23:37.955,-64,1,-70,dev,62:65:B4:3D:7A:54,92E05A825BAD2ED3F70FE7120C9760EF
2020-06-30 19:23:38.087,-97,1,-103,dev,56:41:D7:B2:33:50,D9DCB189CFCD1D7F1F2967BF08C46282
2020-06-30 19:23:38.193,-86,1,-92,dev,77:DC:C5:BB:4E:81,02C6DC8D44CCDC291F06DBDDD86EC59B
2020-06-30 19:23:38.247,-64,1,-70,dev,62:65:B4:3D:7A:54,92E05A825BAD2ED3F70FE7120C9760EF
2020-06-30 19:23:38.374,-96,1,-102,dev,56:41:D7:B2:33:50,D9DCB189CFCD1D7F1F2967BF08C46282
2020-06-30 19:23:38.533,-64,1,-70,dev,62:65:B4:3D:7A:54,92E05A825BAD2ED3F70FE7120C9760EF
2020-06-30 19:23:38.762,-88,1,-94,dev,77:DC:C5:BB:4E:81,02C6DC8D44CCDC291F06DBDDD86EC59B
2020-06-30 19:23:38.815,-64,1,-70,dev,62:65:B4:3D:7A:54,92E05A825BAD2ED3F70FE7120C9760EF
2020-06-30 19:23:38.947,-96,1,-102,dev,56:41:D7:B2:33:50,D9DCB189CFCD1D7F1F2967BF08C46282
2020-06-30 19:23:39.042,-86,1,-92,dev,77:DC:C5:BB:4E:81,02C6DC8D44CCDC291F06DBDDD86EC59B
2020-06-30 19:23:39.094,-64,1,-70,dev,62:65:B4:3D:7A:54,92E05A825BAD2ED3F70FE7120C9760EF
2020-06-30 19:23:39.233,-96,1,-102,dev,56:41:D7:B2:33:50,D9DCB189CFCD1D7F1F2967BF08C46282
2020-06-30 19:23:39.330,-86,1,-92,dev,77:DC:C5:BB:4E:81,02C6DC8D44CCDC291F06DBDDD86EC59B
2020-06-30 19:23:39.388,-64,1,-70,dev,62:65:B4:3D:7A:54,92E05A825BAD2ED3F70FE7120C9760EF
2020-06-30 19:23:39.517,-96,1,-102,dev,56:41:D7:B2:33:50,D9DCB189CFCD1D7F1F2967BF08C46282
2020-06-30 19:23:39.620,-86,1,-92,dev,77:DC:C5:BB:4E:81,02C6DC8D44CCDC291F06DBDDD86EC59B
2020-06-30 19:23:39.817,-96,1,-102,dev,56:41:D7:B2:33:50,D9DCB189CFCD1D7F1F2967BF08C46282
2020-06-30 19:23:39.907,-86,1,-92,dev,77:DC:C5:BB:4E:81,02C6DC8D44CCDC291F06DBDDD86EC59B
2020-06-30 19:23:39.964,-64,1,-70,dev,62:65:B4:3D:7A:54,92E05A825BAD2ED3F70FE7120C9760EF
2020-06-30 19:23:40.095,-94,1,-100,dev,56:41:D7:B2:33:50,D9DCB189CFCD1D7F1F2967BF08C46282
2020-06-30 19:23:40.198,-86,1,-92,dev,77:DC:C5:BB:4E:81,02C6DC8D44CCDC291F06DBDDD86EC59B
2020-06-30 19:23:40.247,-64,1,-70,dev,62:65:B4:3D:7A:54,92E05A825BAD2ED3F70FE7120C9760EF
2020-06-30 19:23:40.495,-86,1,-92,dev,77:DC:C5:BB:4E:81,02C6DC8D44CCDC291F06DBDDD86EC59B
2020-06-30 19:23:40.529,-64,1,-70,dev,62:65:B4:3D:7A:54,92E05A825BAD2ED3F70FE7120C9760EF
2020-06-30 19:23:40.669,-97,1,-103,dev,56:41:D7:B2:33:50,D9DCB189CFCD1D7F1F2967BF08C46282
2020-06-30 19:23:40.762,-86,1,-92,dev,77:DC:C5:BB:4E:81,02C6DC8D44CCDC291F06DBDDD86EC59B
2020-06-30 19:23:40.812,-64,1,-70,dev,62:65:B4:3D:7A:54,92E05A825BAD2ED3F70FE7120C9760EF
2020-06-30 19:23:41.073,-86,1,-92,dev,77:DC:C5:BB:4E:81,02C6DC8D44CCDC291F06DBDDD86EC59B
2020-06-30 19:23:41.091,-64,1,-70,dev,62:65:B4:3D:7A:54,92E05A825BAD2ED3F70FE7120C9760EF
2020-06-30 19:23:41.239,-96,1,-102,dev,56:41:D7:B2:33:50,D9DCB189CFCD1D7F1F2967BF08C46282
2020-06-30 19:23:41.337,-87,1,-93,dev,77:DC:C5:BB:4E:81,02C6DC8D44CCDC291F06DBDDD86EC59B
2020-06-30 19:23:41.384,-64,1,-70,dev,62:65:B4:3D:7A:54,92E05A825BAD2ED3F70FE7120C9760EF
2020-06-30 19:23:41.524,-97,1,-103,dev,56:41:D7:B2:33:50,D9DCB189CFCD1D7F1F2967BF08C46282
2020-06-30 19:23:41.625,-88,1,-94,dev,77:DC:C5:BB:4E:81,02C6DC8D44CCDC291F06DBDDD86EC59B
2020-06-30 19:23:41.676,-64,1,-70,dev,62:65:B4:3D:7A:54,92E05A825BAD2ED3F70FE7120C9760EF
2020-06-30 19:23:41.806,-96,1,-102,dev,56:41:D7:B2:33:50,D9DCB189CFCD1D7F1F2967BF08C46282
2020-06-30 19:28:12.065,-95,1,-101,dev,43:DE:9B:A8:03:0E,D9DCB189CFCD1D7F1F2967BF08C46282
2020-06-30 19:28:12.175,-86,1,-92,dev,77:DC:C5:BB:4E:81,02C6DC8D44CCDC291F06DBDDD86EC59B
2020-06-30 19:28:12.356,-96,1,-102,dev,43:DE:9B:A8:03:0E,D9DCB189CFCD1D7F1F2967BF08C46282
2020-06-30 19:28:12.466,-88,1,-94,dev,77:DC:C5:BB:4E:81,02C6DC8D44CCDC291F06DBDDD86EC59B
2020-06-30 19:28:12.609,-64,1,-70,dev,62:65:B4:3D:7A:54,92E05A825BAD2ED3F70FE7120C9760EF
2020-06-30 19:28:12.632,-96,1,-102,dev,43:DE:9B:A8:03:0E,D9DCB189CFCD1D7F1F2967BF08C46282
2020-06-30 19:28:12.755,-88,1,-94,dev,77:DC:C5:BB:4E:81,02C6DC8D44CCDC291F06DBDDD86EC59B
2020-06-30 19:28:12.892,-63,1,-69,dev,62:65:B4:3D:7A:54,92E05A825BAD2ED3F70FE7120C9760EF
2020-06-30 19:28:12.922,-97,1,-103,dev,43:DE:9B:A8:03:0E,D9DCB189CFCD1D7F1F2967BF08C46282
2020-06-30 19:28:13.218,-98,1,-104,dev,43:DE:9B:A8:03:0E,D9DCB189CFCD1D7F1F2967BF08C46282
2020-06-30 19:28:13.476,-64,1,-70,dev,62:65:B4:3D:7A:54,92E05A825BAD2ED3F70FE7120C9760EF
2020-06-30 19:28:13.485,-94,1,-100,dev,43:DE:9B:A8:03:0E,D9DCB189CFCD1D7F1F2967BF08C46282
2020-06-30 19:28:13.616,-87,1,-93,dev,77:DC:C5:BB:4E:81,02C6DC8D44CCDC291F06DBDDD86EC59B
2020-06-30 19:28:13.754,-63,1,-69,dev,62:65:B4:3D:7A:54,92E05A825BAD2ED3F70FE7120C9760EF
2020-06-30 19:28:13.917,-86,1,-92,dev,77:DC:C5:BB:4E:81,02C6DC8D44CCDC291F06DBDDD86EC59B
2020-06-30 19:28:14.032,-64,1,-70,dev,62:65:B4:3D:7A:54,92E05A825BAD2ED3F70FE7120C9760EF
2020-06-30 19:28:14.066,-97,1,-103,dev,43:DE:9B:A8:03:0E,D9DCB189CFCD1D7F1F2967BF08C46282
2020-06-30 19:28:14.185,-86,1,-92,dev,77:DC:C5:BB:4E:81,02C6DC8D44CCDC291F06DBDDD86EC59B
2020-06-30 19:28:14.329,-64,1,-70,dev,62:65:B4:3D:7A:54,92E05A825BAD2ED3F70FE7120C9760EF
2020-06-30 19:28:14.356,-95,1,-101,dev,43:DE:9B:A8:03:0E,D9DCB189CFCD1D7F1F2967BF08C46282
2020-06-30 19:28:14.625,-64,1,-70,dev,62:65:B4:3D:7A:54,92E05A825BAD2ED3F70FE7120C9760EF
2020-06-30 19:28:14.647,-94,1,-100,dev,43:DE:9B:A8:03:0E,D9DCB189CFCD1D7F1F2967BF08C46282
2020-06-30 19:28:14.753,-86,1,-92,dev,77:DC:C5:BB:4E:81,02C6DC8D44CCDC291F06DBDDD86EC59B
2020-06-30 19:28:14.923,-64,1,-70,dev,62:65:B4:3D:7A:54,92E05A825BAD2ED3F70FE7120C9760EF
2020-06-30 19:28:14.926,-94,1,-100,dev,43:DE:9B:A8:03:0E,D9DCB189CFCD1D7F1F2967BF08C46282
2020-06-30 19:28:15.040,-86,1,-92,dev,77:DC:C5:BB:4E:81,02C6DC8D44CCDC291F06DBDDD86EC59B
2020-06-30 19:28:15.192,-64,1,-70,dev,62:65:B4:3D:7A:54,92E05A825BAD2ED3F70FE7120C9760EF
2020-06-30 19:28:15.206,-95,1,-101,dev,43:DE:9B:A8:03:0E,D9DCB189CFCD1D7F1F2967BF08C46282
2020-06-30 19:28:15.331,-86,1,-92,dev,77:DC:C5:BB:4E:81,02C6DC8D44CCDC291F06DBDDD86EC59B
2020-06-30 19:28:15.479,-63,1,-69,dev,62:65:B4:3D:7A:54,92E05A825BAD2ED3F70FE7120C9760EF
2020-06-30 19:28:15.497,-97,1,-103,dev,43:DE:9B:A8:03:0E,D9DCB189CFCD1D7F1F2967BF08C46282
2020-06-30 19:28:15.614,-86,1,-92,dev,77:DC:C5:BB:4E:81,02C6DC8D44CCDC291F06DBDDD86EC59B
2020-06-30 19:28:15.758,-64,1,-70,dev,62:65:B4:3D:7A:54,92E05A825BAD2ED3F70FE7120C9760EF
2020-06-30 19:28:15.780,-95,1,-101,dev,43:DE:9B:A8:03:0E,D9DCB189CFCD1D7F1F2967BF08C46282
2020-06-30 19:28:15.895,-86,1,-92,dev,77:DC:C5:BB:4E:81,02C6DC8D44CCDC291F06DBDDD86EC59B
2020-06-30 19:32:50.277,-86,1,-92,dev,77:DC:C5:BB:4E:81,BA5BBE5B2B87B2C4FF8E346C429A19E8
2020-06-30 19:32:50.319,-95,1,-101,dev,43:DE:9B:A8:03:0E,CBAA102CD98149E4ABDFBA5F0B9657FB
2020-06-30 19:32:50.556,-64,1,-70,dev,62:65:B4:3D:7A:54,92E05A825BAD2ED3F70FE7120C9760EF
2020-06-30 19:32:50.572,-86,1,-92,dev,77:DC:C5:BB:4E:81,BA5BBE5B2B87B2C4FF8E346C429A19E8
2020-06-30 19:32:50.599,-95,1,-101,dev,43:DE:9B:A8:03:0E,CBAA102CD98149E4ABDFBA5F0B9657FB
2020-06-30 19:32:50.841,-64,1,-70,dev,62:65:B4:3D:7A:54,92E05A825BAD2ED3F70FE7120C9760EF
2020-06-30 19:32:50.859,-86,1,-92,dev,77:DC:C5:BB:4E:81,BA5BBE5B2B87B2C4FF8E346C429A19E8
2020-06-30 19:32:51.123,-64,1,-70,dev,62:65:B4:3D:7A:54,92E05A825BAD2ED3F70FE7120C9760EF
2020-06-30 19:32:51.152,-86,1,-92,dev,77:DC:C5:BB:4E:81,BA5BBE5B2B87B2C4FF8E346C429A19E8
2020-06-30 19:32:51.176,-94,1,-100,dev,43:DE:9B:A8:03:0E,CBAA102CD98149E4ABDFBA5F0B9657FB
2020-06-30 19:32:51.433,-64,1,-70,dev,62:65:B4:3D:7A:54,92E05A825BAD2ED3F70FE7120C9760EF
2020-06-30 19:32:51.436,-86,1,-92,dev,77:DC:C5:BB:4E:81,BA5BBE5B2B87B2C4FF8E346C429A19E8
2020-06-30 19:32:51.463,-95,1,-101,dev,43:DE:9B:A8:03:0E,CBAA102CD98149E4ABDFBA5F0B9657FB
2020-06-30 19:32:51.721,-64,1,-70,dev,62:65:B4:3D:7A:54,92E05A825BAD2ED3F70FE7120C9760EF
2020-06-30 19:32:51.724,-87,1,-93,dev,77:DC:C5:BB:4E:81,BA5BBE5B2B87B2C4FF8E346C429A19E8
2020-06-30 19:32:51.749,-95,1,-101,dev,43:DE:9B:A8:03:0E,CBAA102CD98149E4ABDFBA5F0B9657FB
2020-06-30 19:32:52.012,-63,1,-69,dev,62:65:B4:3D:7A:54,92E05A825BAD2ED3F70FE7120C9760EF
2020-06-30 19:32:52.016,-86,1,-92,dev,77:DC:C5:BB:4E:81,BA5BBE5B2B87B2C4FF8E346C429A19E8
2020-06-30 19:32:52.037,-95,1,-101,dev,43:DE:9B:A8:03:0E,CBAA102CD98149E4ABDFBA5F0B9657FB
2020-06-30 19:32:52.278,-64,1,-70,dev,62:65:B4:3D:7A:54,92E05A825BAD2ED3F70FE7120C9760EF
2020-06-30 19:32:52.291,-88,1,-94,dev,77:DC:C5:BB:4E:81,BA5BBE5B2B87B2C4FF8E346C429A19E8
2020-06-30 19:32:52.319,-95,1,-101,dev,43:DE:9B:A8:03:0E,CBAA102CD98149E4ABDFBA5F0B9657FB
2020-06-30 19:32:52.577,-64,1,-70,dev,62:65:B4:3D:7A:54,92E05A825BAD2ED3F70FE7120C9760EF
2020-06-30 19:32:52.580,-86,1,-92,dev,77:DC:C5:BB:4E:81,BA5BBE5B2B87B2C4FF8E346C429A19E8
2020-06-30 19:32:52.613,-95,1,-101,dev,43:DE:9B:A8:03:0E,CBAA102CD98149E4ABDFBA5F0B9657FB
2020-06-30 19:32:52.868,-64,1,-70,dev,62:65:B4:3D:7A:54,92E05A825BAD2ED3F70FE7120C9760EF
2020-06-30 19:32:52.871,-86,1,-92,dev,77:DC:C5:BB:4E:81,BA5BBE5B2B87B2C4FF8E346C429A19E8
2020-06-30 19:32:52.888,-96,1,-102,dev,43:DE:9B:A8:03:0E,CBAA102CD98149E4ABDFBA5F0B9657FB
2020-06-30 19:32:53.147,-64,1,-70,dev,62:65:B4:3D:7A:54,92E05A825BAD2ED3F70FE7120C9760EF
2020-06-30 19:32:53.159,-86,1,-92,dev,77:DC:C5:BB:4E:81,BA5BBE5B2B87B2C4FF8E346C429A19E8
2020-06-30 19:32:53.181,-96,1,-102,dev,43:DE:9B:A8:03:0E,CBAA102CD98149E4ABDFBA5F0B9657FB
2020-06-30 19:32:53.437,-64,1,-70,dev,62:65:B4:3D:7A:54,92E05A825BAD2ED3F70FE7120C9760EF
2020-06-30 19:32:53.440,-86,1,-92,dev,77:DC:C5:BB:4E:81,BA5BBE5B2B87B2C4FF8E346C429A19E8
2020-06-30 19:32:53.458,-94,1,-100,dev,43:DE:9B:A8:03:0E,CBAA102CD98149E4ABDFBA5F0B9657FB
2020-06-30 19:32:53.752,-86,1,-92,dev,77:DC:C5:BB:4E:81,BA5BBE5B2B87B2C4FF8E346C429A19E8
2020-06-30 19:32:54.006,-64,1,-70,dev,62:65:B4:3D:7A:54,92E05A825BAD2ED3F70FE7120C9760EF
2020-06-30 19:32:54.010,-86,1,-92,dev,77:DC:C5:BB:4E:81,BA5BBE5B2B87B2C4FF8E346C429A19E8
2020-06-30 19:32:54.042,-95,1,-101,dev,43:DE:9B:A8:03:0E,CBAA102CD98149E4ABDFBA5F0B9657FB
2020-06-30 19:37:10.029,-86,1,-92,dev,77:DC:C5:BB:4E:81,BA5BBE5B2B87B2C4FF8E346C429A19E8
2020-06-30 19:37:10.191,-96,1,-102,dev,43:DE:9B:A8:03:0E,CBAA102CD98149E4ABDFBA5F0B9657FB
2020-06-30 19:37:10.294,-64,1,-70,dev,46:D2:A0:29:75:53,9F972E7236690A2652F16E894F20AE4A
2020-06-30 19:37:10.343,-86,1,-92,dev,77:DC:C5:BB:4E:81,BA5BBE5B2B87B2C4FF8E346C429A19E8
2020-06-30 19:37:10.478,-96,1,-102,dev,43:DE:9B:A8:03:0E,CBAA102CD98149E4ABDFBA5F0B9657FB
2020-06-30 19:37:10.580,-63,1,-69,dev,46:D2:A0:29:75:53,9F972E7236690A2652F16E894F20AE4A
2020-06-30 19:37:10.613,-86,1,-92,dev,77:DC:C5:BB:4E:81,BA5BBE5B2B87B2C4FF8E346C429A19E8
2020-06-30 19:37:10.769,-96,1,-102,dev,43:DE:9B:A8:03:0E,CBAA102CD98149E4ABDFBA5F0B9657FB
2020-06-30 19:37:10.862,-63,1,-69,dev,46:D2:A0:29:75:53,9F972E7236690A2652F16E894F20AE4A
2020-06-30 19:37:10.897,-86,1,-92,dev,77:DC:C5:BB:4E:81,BA5BBE5B2B87B2C4FF8E346C429A19E8
2020-06-30 19:37:11.060,-96,1,-102,dev,43:DE:9B:A8:03:0E,CBAA102CD98149E4ABDFBA5F0B9657FB
2020-06-30 19:37:11.153,-64,1,-70,dev,46:D2:A0:29:75:53,9F972E7236690A2652F16E894F20AE4A
2020-06-30 19:37:11.185,-88,1,-94,dev,77:DC:C5:BB:4E:81,BA5BBE5B2B87B2C4FF8E346C429A19E8
2020-06-30 19:37:11.345,-95,1,-101,dev,43:DE:9B:A8:03:0E,CBAA102CD98149E4ABDFBA5F0B9657FB
2020-06-30 19:37:11.440,-64,1,-70,dev,46:D2:A0:29:75:53,9F972E7236690A2652F16E894F20AE4A
2020-06-30 19:37:11.748,-64,1,-70,dev,46:D2:A0:29:75:53,9F972E7236690A2652F16E894F20AE4A
2020-06-30 19:37:11.750,-87,1,-93,dev,77:DC:C5:BB:4E:81,BA5BBE5B2B87B2C4FF8E346C429A19E8
2020-06-30 19:37:11.905,-96,1,-102,dev,43:DE:9B:A8:03:0E,CBAA102CD98149E4ABDFBA5F0B9657FB
2020-06-30 19:37:12.015,-64,1,-70,dev,46:D2:A0:29:75:53,9F972E7236690A2652F16E894F20AE4A
2020-06-30 19:37:12.042,-88,1,-94,dev,77:DC:C5:BB:4E:81,BA5BBE5B2B87B2C4FF8E346C429A19E8
2020-06-30 19:37:12.190,-96,1,-102,dev,43:DE:9B:A8:03:0E,CBAA102CD98149E4ABDFBA5F0B9657FB
2020-06-30 19:37:12.302,-64,1,-70,dev,46:D2:A0:29:75:53,9F972E7236690A2652F16E894F20AE4A
2020-06-30 19:37:12.334,-87,1,-93,dev,77:DC:C5:BB:4E:81,BA5BBE5B2B87B2C4FF8E346C429A19E8
2020-06-30 19:37:12.603,-64,1,-70,dev,46:D2:A0:29:75:53,9F972E7236690A2652F16E894F20AE4A
2020-06-30 19:37:12.610,-87,1,-93,dev,77:DC:C5:BB:4E:81,BA5BBE5B2B87B2C4FF8E346C429A19E8
2020-06-30 19:37:12.782,-95,1,-101,dev,43:DE:9B:A8:03:0E,CBAA102CD98149E4ABDFBA5F0B9657FB
2020-06-30 19:37:12.873,-64,1,-70,dev,46:D2:A0:29:75:53,9F972E7236690A2652F16E894F20AE4A
2020-06-30 19:37:12.902,-87,1,-93,dev,77:DC:C5:BB:4E:81,BA5BBE5B2B87B2C4FF8E346C429A19E8
2020-06-30 19:37:13.060,-95,1,-101,dev,43:DE:9B:A8:03:0E,CBAA102CD98149E4ABDFBA5F0B9657FB
2020-06-30 19:37:13.158,-63,1,-69,dev,46:D2:A0:29:75:53,9F972E7236690A2652F16E894F20AE4A
2020-06-30 19:37:13.188,-87,1,-93,dev,77:DC:C5:BB:4E:81,BA5BBE5B2B87B2C4FF8E346C429A19E8
2020-06-30 19:37:13.350,-94,1,-100,dev,43:DE:9B:A8:03:0E,CBAA102CD98149E4ABDFBA5F0B9657FB
2020-06-30 19:37:13.632,-96,1,-102,dev,43:DE:9B:A8:03:0E,CBAA102CD98149E4ABDFBA5F0B9657FB
2020-06-30 19:37:13.739,-64,1,-70,dev,46:D2:A0:29:75:53,9F972E7236690A2652F16E894F20AE4A
2020-06-30 19:40:49.966,-88,1,-94,dev,53:78:8F:71:9F:1A,BA5BBE5B2B87B2C4FF8E346C429A19E8
2020-06-30 19:40:49.983,-64,1,-70,dev,46:D2:A0:29:75:53,9F972E7236690A2652F16E894F20AE4A
2020-06-30 19:40:50.262,-84,1,-90,dev,53:78:8F:71:9F:1A,BA5BBE5B2B87B2C4FF8E346C429A19E8
2020-06-30 19:40:50.267,-64,1,-70,dev,46:D2:A0:29:75:53,9F972E7236690A2652F16E894F20AE4A
2020-06-30 19:40:50.551,-86,1,-92,dev,53:78:8F:71:9F:1A,BA5BBE5B2B87B2C4FF8E346C429A19E8
2020-06-30 19:40:50.555,-64,1,-70,dev,46:D2:A0:29:75:53,9F972E7236690A2652F16E894F20AE4A
2020-06-30 19:40:50.617,-97,1,-103,dev,4F:4B:D7:1C:C2:5C,787A0AFE2FA4AA80CE8ECE7DE1915130
2020-06-30 19:40:50.837,-88,1,-94,dev,53:78:8F:71:9F:1A,BA5BBE5B2B87B2C4FF8E346C429A19E8
2020-06-30 19:40:50.841,-63,1,-69,dev,46:D2:A0:29:75:53,9F972E7236690A2652F16E894F20AE4A
2020-06-30 19:40:50.898,-92,1,-98,dev,4F:4B:D7:1C:C2:5C,787A0AFE2FA4AA80CE8ECE7DE1915130
2020-06-30 19:40:51.121,-86,1,-92,dev,53:78:8F:71:9F:1A,BA5BBE5B2B87B2C4FF8E346C429A19E8
2020-06-30 19:40:51.186,-95,1,-101,dev,4F:4B:D7:1C:C2:5C,787A0AFE2FA4AA80CE8ECE7DE1915130
2020-06-30 19:40:51.408,-87,1,-93,dev,53:78:8F:71:9F:1A,BA5BBE5B2B87B2C4FF8E346C429A19E8
2020-06-30 19:40:51.411,-64,1,-70,dev,46:D2:A0:29:75:53,9F972E7236690A2652F16E894F20AE4A
2020-06-30 19:40:51.467,-94,1,-100,dev,4F:4B:D7:1C:C2:5C,787A0AFE2FA4AA80CE8ECE7DE1915130
2020-06-30 19:40:51.693,-86,1,-92,dev,53:78:8F:71:9F:1A,BA5BBE5B2B87B2C4FF8E346C429A19E8
2020-06-30 19:40:51.696,-64,1,-70,dev,46:D2:A0:29:75:53,9F972E7236690A2652F16E894F20AE4A
2020-06-30 19:40:51.751,-94,1,-100,dev,4F:4B:D7:1C:C2:5C,787A0AFE2FA4AA80CE8ECE7DE1915130
2020-06-30 19:40:51.973,-86,1,-92,dev,53:78:8F:71:9F:1A,BA5BBE5B2B87B2C4FF8E346C429A19E8
2020-06-30 19:40:51.976,-64,1,-70,dev,46:D2:A0:29:75:53,9F972E7236690A2652F16E894F20AE4A
2020-06-30 19:40:52.037,-94,1,-100,dev,4F:4B:D7:1C:C2:5C,787A0AFE2FA4AA80CE8ECE7DE1915130
2020-06-30 19:40:52.264,-86,1,-92,dev,53:78:8F:71:9F:1A,BA5BBE5B2B87B2C4FF8E346C429A19E8
2020-06-30 19:40:52.322,-93,1,-99,dev,4F:4B:D7:1C:C2:5C,787A0AFE2FA4AA80CE8ECE7DE1915130
2020-06-30 19:40:52.564,-86,1,-92,dev,53:78:8F:71:9F:1A,BA5BBE5B2B87B2C4FF8E346C429A19E8
2020-06-30 19:40:52.626,-96,1,-102,dev,4F:4B:D7:1C:C2:5C,787A0AFE2FA4AA80CE8ECE7DE1915130
2020-06-30 19:40:52.852,-64,1,-70,dev,46:D2:A0:29:75:53,9F972E7236690A2652F16E894F20AE4A
2020-06-30 19:40:52.855,-84,1,-90,dev,53:78:8F:71:9F:1A,BA5BBE5B2B87B2C4FF8E346C429A19E8
2020-06-30 19:40:52.890,-96,1,-102,dev,4F:4B:D7:1C:C2:5C,787A0AFE2FA4AA80CE8ECE7DE1915130
2020-06-30 19:40:53.139,-64,1,-70,dev,46:D2:A0:29:75:53,9F972E7236690A2652F16E894F20AE4A
2020-06-30 19:40:53.179,-96,1,-102,dev,4F:4B:D7:1C:C2:5C,787A0AFE2FA4AA80CE8ECE7DE1915130
2020-06-30 19:40:53.410,-63,1,-69,dev,46:D2:A0:29:75:53,9F972E7236690A2652F16E894F20AE4A
2020-06-30 19:40:53.414,-87,1,-93,dev,53:78:8F:71:9F:1A,BA5BBE5B2B87B2C4FF8E346C429A19E8
2020-06-30 19:40:53.454,-96,1,-102,dev,4F:4B:D7:1C:C2:5C,787A0AFE2FA4AA80CE8ECE7DE1915130
2020-06-30 19:40:53.707,-63,1,-69,dev,46:D2:A0:29:75:53,9F972E7236690A2652F16E894F20AE4A
2020-06-30 19:40:53.742,-95,1,-101,dev,4F:4B:D7:1C:C2:5C,787A0AFE2FA4AA80CE8ECE7DE1915130
2020-06-30 19:44:51.048,-87,1,-93,dev,53:78:8F:71:9F:1A,99D8D981A47F8ADBF44E5BB8F2DD8284
2020-06-30 19:44:51.128,-96,1,-102,dev,4F:4B:D7:1C:C2:5C,787A0AFE2FA4AA80CE8ECE7DE1915130
2020-06-30 19:44:51.246,-63,1,-69,dev,46:D2:A0:29:75:53,9F972E7236690A2652F16E894F20AE4A
2020-06-30 19:44:51.345,-86,1,-92,dev,53:78:8F:71:9F:1A,99D8D981A47F8ADBF44E5BB8F2DD8284
2020-06-30 19:44:51.414,-94,1,-100,dev,4F:4B:D7:1C:C2:5C,787A0AFE2FA4AA80CE8ECE7DE1915130
2020-06-30 19:44:51.536,-63,1,-69,dev,46:D2:A0:29:75:53,9F972E7236690A2652F16E894F20AE4A
2020-06-30 19:44:51.627,-86,1,-92,dev,53:78:8F:71:9F:1A,99D8D981A47F8ADBF44E5BB8F2DD8284
2020-06-30 19:44:51.702,-96,1,-102,dev,4F:4B:D7:1C:C2:5C,787A0AFE2FA4AA80CE8ECE7DE1915130
2020-06-30 19:44:51.817,-64,1,-70,dev,46:D2:A0:29:75:53,9F972E7236690A2652F16E894F20AE4A
2020-06-30 19:44:51.912,-86,1,-92,dev,53:78:8F:71:9F:1A,99D8D981A47F8ADBF44E5BB8F2DD8284
2020-06-30 19:44:51.984,-94,1,-100,dev,4F:4B:D7:1C:C2:5C,787A0AFE2FA4AA80CE8ECE7DE1915130
2020-06-30 19:44:52.108,-64,1,-70,dev,46:D2:A0:29:75:53,9F972E7236690A2652F16E894F20AE4A
2020-06-30 19:44:52.196,-86,1,-92,dev,53:78:8F:71:9F:1A,99D8D981A47F8ADBF44E5BB8F2DD8284
2020-06-30 19:44:52.275,-96,1,-102,dev,4F:4B:D7:1C:C2:5C,787A0AFE2FA4AA80CE8ECE7DE1915130
2020-06-30 19:44:52.393,-64,1,-70,dev,46:D2:A0:29:75:53,9F972E7236690A2652F16E894F20AE4A
2020-06-30 19:44:52.479,-86,1,-92,dev,53:78:8F:71:9F:1A,99D8D981A47F8ADBF44E5BB8F2DD8284
2020-06-30 19:44:52.559,-97,1,-103,dev,4F:4B:D7:1C:C2:5C,787A0AFE2FA4AA80CE8ECE7DE1915130
2020-06-30 19:44:52.684,-64,1,-70,dev,46:D2:A0:29:75:53,9F972E7236690A2652F16E894F20AE4A
2020-06-30 19:44:52.763,-87,1,-93,dev,53:78:8F:71:9F:1A,99D8D981A47F8ADBF44E5BB8F2DD8284
2020-06-30 19:44:52.986,-64,1,-70,dev,46:D2:A0:29:75:53,9F972E7236690A2652F16E894F20AE4A
2020-06-30 19:44:53.052,-88,1,-94,dev,53:78:8F:71:9F:1A,99D8D981A47F8ADBF44E5BB8F2DD8284
2020-06-30 19:44:53.131,-96,1,-102,dev,4F:4B:D7:1C:C2:5C,787A0AFE2FA4AA80CE8ECE7DE1915130
2020-06-30 19:44:53.257,-64,1,-70,dev,46:D2:A0:29:75:53,9F972E7236690A2652F16E894F20AE4A
2020-06-30 19:44:53.341,-86,1,-92,dev,53:78:8F:71:9F:1A,99D8D981A47F8ADBF44E5BB8F2DD8284
2020-06-30 19:44:53.424,-95,1,-101,dev,4F:4B:D7:1C:C2:5C,787A0AFE2FA4AA80CE8ECE7DE1915130
2020-06-30 19:44:53.539,-64,1,-70,dev,46:D2:A0:29:75:53,9F972E7236690A2652F16E894F20AE4A
2020-06-30 19:44:53.629,-88,1,-94,dev,53:78:8F:71:9F:1A,99D8D981A47F8ADBF44E5BB8F2DD8284
2020-06-30 19:44:53.708,-96,1,-102,dev,4F:4B:D7:1C:C2:5C,787A0AFE2FA4AA80CE8ECE7DE1915130
2020-06-30 19:44:53.829,-63,1,-69,dev,46:D2:A0:29:75:53,9F972E7236690A2652F16E894F20AE4A
2020-06-30 19:44:53.912,-86,1,-92,dev,53:78:8F:71:9F:1A,99D8D981A47F8ADBF44E5BB8F2DD8284
2020-06-30 19:44:53.999,-96,1,-102,dev,4F:4B:D7:1C:C2:5C,787A0AFE2FA4AA80CE8ECE7DE1915130
2020-06-30 19:44:54.116,-63,1,-69,dev,46:D2:A0:29:75:53,9F972E7236690A2652F16E894F20AE4A
2020-06-30 19:44:54.195,-86,1,-92,dev,53:78:8F:71:9F:1A,99D8D981A47F8ADBF44E5BB8F2DD8284
2020-06-30 19:44:54.281,-94,1,-100,dev,4F:4B:D7:1C:C2:5C,787A0AFE2FA4AA80CE8ECE7DE1915130
2020-06-30 19:44:54.398,-63,1,-69,dev,46:D2:A0:29:75:53,9F972E7236690A2652F16E894F20AE4A
2020-06-30 19:44:54.480,-86,1,-92,dev,53:78:8F:71:9F:1A,99D8D981A47F8ADBF44E5BB8F2DD8284
2020-06-30 19:44:54.702,-64,1,-70,dev,46:D2:A0:29:75:53,9F972E7236690A2652F16E894F20AE4A
2020-06-30 19:44:54.764,-87,1,-93,dev,53:78:8F:71:9F:1A,99D8D981A47F8ADBF44E5BB8F2DD8284
2020-06-30 19:49:12.988,-86,1,-92,dev,53:78:8F:71:9F:1A,99D8D981A47F8ADBF44E5BB8F2DD8284
2020-06-30 19:49:13.245,-64,1,-70,dev,45:48:8D:65:FA:CE,3FCFEDE326C53A6159323494789E925C
2020-06-30 19:49:13.276,-86,1,-92,dev,53:78:8F:71:9F:1A,99D8D981A47F8ADBF44E5BB8F2DD8284
2020-06-30 19:49:13.541,-64,1,-70,dev,45:48:8D:65:FA:CE,3FCFEDE326C53A6159323494789E925C
2020-06-30 19:49:13.564,-88,1,-94,dev,53:78:8F:71:9F:1A,99D8D981A47F8ADBF44E5BB8F2DD8284
2020-06-30 19:49:13.611,-93,1,-99,dev,4F:4B:D7:1C:C2:5C,787A0AFE2FA4AA80CE8ECE7DE1915130
2020-06-30 19:49:13.824,-64,1,-70,dev,45:48:8D:65:FA:CE,3FCFEDE326C53A6159323494789E925C
2020-06-30 19:49:13.846,-86,1,-92,dev,53:78:8F:71:9F:1A,99D8D981A47F8ADBF44E5BB8F2DD8284
2020-06-30 19:49:13.898,-94,1,-100,dev,4F:4B:D7:1C:C2:5C,787A0AFE2FA4AA80CE8ECE7DE1915130
2020-06-30 19:49:14.116,-64,1,-70,dev,45:48:8D:65:FA:CE,3FCFEDE326C53A6159323494789E925C
2020-06-30 19:49:14.135,-88,1,-94,dev,53:78:8F:71:9F:1A,99D8D981A47F8ADBF44E5BB8F2DD8284
2020-06-30 19:49:14.185,-94,1,-100,dev,4F:4B:D7:1C:C2:5C,787A0AFE2FA4AA80CE8ECE7DE1915130
2020-06-30 19:49:14.447,-86,1,-92,dev,53:78:8F:71:9F:1A,99D8D981A47F8ADBF44E5BB8F2DD8284
2020-06-30 19:49:14.470,-94,1,-100,dev,4F:4B:D7:1C:C2:5C,787A0AFE2FA4AA80CE8ECE7DE1915130
2020-06-30 19:49:14.707,-64,1,-70,dev,45:48:8D:65:FA:CE,3FCFEDE326C53A6159323494789E925C
2020-06-30 19:49:14.762,-94,1,-100,dev,4F:4B:D7:1C:C2:5C,787A0AFE2FA4AA80CE8ECE7DE1915130
2020-06-30 19:49:14.990,-63,1,-69,dev,45:48:8D:65:FA:CE,3FCFEDE326C53A6159323494789E925C
2020-06-30 19:49:14.993,-86,1,-92,dev,53:78:8F:71:9F:1A,99D8D981A47F8ADBF44E5BB8F2DD8284
2020-06-30 19:49:15.048,-97,1,-103,dev,4F:4B:D7:1C:C2:5C,787A0AFE2FA4AA80CE8ECE7DE1915130
2020-06-30 19:49:15.303,-86,1,-92,dev,53:78:8F:71:9F:1A,99D8D981A47F8ADBF44E5BB8F2DD8284
2020-06-30 19:49:15.325,-95,1,-101,dev,4F:4B:D7:1C:C2:5C,787A0AFE2FA4AA80CE8ECE7DE1915130
2020-06-30 19:49:15.558,-63,1,-69,dev,45:48:8D:65:FA:CE,3FCFEDE326C53A6159323494789E925C
2020-06-30 19:49:15.565,-86,1,-92,dev,53:78:8F:71:9F:1A,99D8D981A47F8ADBF44E5BB8F2DD8284
2020-06-30 19:49:15.611,-95,1,-101,dev,4F:4B:D7:1C:C2:5C,787A0AFE2FA4AA80CE8ECE7DE1915130
2020-06-30 19:49:15.844,-63,1,-69,dev,45:48:8D:65:FA:CE,3FCFEDE326C53A6159323494789E925C
2020-06-30 19:49:15.853,-84,1,-90,dev,53:78:8F:71:9F:1A,99D8D981A47F8ADBF44E5BB8F2DD8284
2020-06-30 19:49:15.894,-96,1,-102,dev,4F:4B:D7:1C:C2:5C,787A0AFE2FA4AA80CE8ECE7DE1915130
2020-06-30 19:49:16.114,-63,1,-69,dev,45:48:8D:65:FA:CE,3FCFEDE326C53A6159323494789E925C
2020-06-30 19:49:16.145,-86,1,-92,dev,53:78:8F:71:9F:1A,99D8D981A47F8ADBF44E5BB8F2DD8284
2020-06-30 19:49:16.186,-95,1,-101,dev,4F:4B:D7:1C:C2:5C,787A0AFE2FA4AA80CE8ECE7DE1915130
2020-06-30 19:49:16.409,-64,1,-70,dev,45:48:8D:65:FA:CE,3FCFEDE326C53A6159323494789E925C
2020-06-30 19:49:16.419,-87,1,-93,dev,53:78:8F:71:9F:1A,99D8D981A47F8ADBF44E5BB8F2DD8284
2020-06-30 19:49:16.466,-96,1,-102,dev,4F:4B:D7:1C:C2:5C,787A0AFE2FA4AA80CE8ECE7DE1915130
2020-06-30 19:49:16.688,-64,1,-70,dev,45:48:8D:65:FA:CE,3FCFEDE326C53A6159323494789E925C
2020-06-30 19:49:16.752,-96,1,-102,dev,4F:4B:D7:1C:C2:5C,787A0AFE2FA4AA80CE8ECE7DE1915130
2020-06-30 19:53:35.094,-65,1,-71,dev,45:48:8D:65:FA:CE,3FCFEDE326C53A6159323494789E925C
2020-06-30 19:53:35.222,-88,1,-94,dev,4F:13:8B:72:48:47,8C82F83A69192FDD22D40C7F55DA186E
2020-06-30 19:53:35.228,-95,1,-101,dev,4F:4B:D7:1C:C2:5C,5D5231EC21C7EEA8ECFA98DB0699917F
2020-06-30 19:53:35.394,-64,1,-70,dev,45:48:8D:65:FA:CE,3FCFEDE326C53A6159323494789E925C
2020-06-30 19:53:35.677,-64,1,-70,dev,45:48:8D:65:FA:CE,3FCFEDE326C53A6159323494789E925C
2020-06-30 19:53:35.795,-86,1,-92,dev,4F:13:8B:72:48:47,8C82F83A69192FDD22D40C7F55DA186E
2020-06-30 19:53:35.799,-93,1,-99,dev,4F:4B:D7:1C:C2:5C,5D5231EC21C7EEA8ECFA98DB0699917F
2020-06-30 19:53:35.965,-64,1,-70,dev,45:48:8D:65:FA:CE,3FCFEDE326C53A6159323494789E925C
2020-06-30 19:53:36.082,-87,1,-93,dev,4F:13:8B:72:48:47,8C82F83A69192FDD22D40C7F55DA186E
2020-06-30 19:53:36.084,-96,1,-102,dev,4F:4B:D7:1C:C2:5C,5D5231EC21C7EEA8ECFA98DB0699917F
2020-06-30 19:53:36.256,-63,1,-69,dev,45:48:8D:65:FA:CE,3FCFEDE326C53A6159323494789E925C
2020-06-30 19:53:36.372,-88,1,-94,dev,4F:13:8B:72:48:47,8C82F83A69192FDD22D40C7F55DA186E
2020-06-30 19:53:36.543,-63,1,-69,dev,45:48:8D:65:FA:CE,3FCFEDE326C53A6159323494789E925C
2020-06-30 19:53:36.659,-94,1,-100,dev,4F:4B:D7:1C:C2:5C,5D5231EC21C7EEA8ECFA98DB0699917F
2020-06-30 19:53:36.837,-64,1,-70,dev,45:48:8D:65:FA:CE,3FCFEDE326C53A6159323494789E925C
2020-06-30 19:53:36.937,-86,1,-92,dev,4F:13:8B:72:48:47,8C82F83A69192FDD22D40C7F55DA186E
2020-06-30 19:53:36.939,-93,1,-99,dev,4F:4B:D7:1C:C2:5C,5D5231EC21C7EEA8ECFA98DB0699917F
2020-06-30 19:53:37.123,-64,1,-70,dev,45:48:8D:65:FA:CE,3FCFEDE326C53A6159323494789E925C
2020-06-30 19:53:37.223,-88,1,-94,dev,4F:13:8B:72:48:47,8C82F83A69192FDD22D40C7F55DA186E
2020-06-30 19:53:37.225,-95,1,-101,dev,4F:4B:D7:1C:C2:5C,5D5231EC21C7EEA8ECFA98DB0699917F
2020-06-30 19:53:37.423,-63,1,-69,dev,45:48:8D:65:FA:CE,3FCFEDE326C53A6159323494789E925C
2020-06-30 19:53:37.506,-88,1,-94,dev,4F:13:8B:72:48:47,8C82F83A69192FDD22D40C7F55DA186E
2020-06-30 19:53:37.508,-94,1,-100,dev,4F:4B:D7:1C:C2:5C,5D5231EC21C7EEA8ECFA98DB0699917F
2020-06-30 19:53:37.704,-64,1,-70,dev,45:48:8D:65:FA:CE,3FCFEDE326C53A6159323494789E925C
2020-06-30 19:53:37.788,-86,1,-92,dev,4F:13:8B:72:48:47,8C82F83A69192FDD22D40C7F55DA186E
2020-06-30 19:53:37.796,-95,1,-101,dev,4F:4B:D7:1C:C2:5C,5D5231EC21C7EEA8ECFA98DB0699917F
2020-06-30 19:53:37.988,-64,1,-70,dev,45:48:8D:65:FA:CE,3FCFEDE326C53A6159323494789E925C
2020-06-30 19:53:38.088,-97,1,-103,dev,4F:4B:D7:1C:C2:5C,5D5231EC21C7EEA8ECFA98DB0699917F
2020-06-30 19:53:38.276,-64,1,-70,dev,45:48:8D:65:FA:CE,3FCFEDE326C53A6159323494789E925C
2020-06-30 19:53:38.374,-95,1,-101,dev,4F:4B:D7:1C:C2:5C,5D5231EC21C7EEA8ECFA98DB0699917F
2020-06-30 19:53:38.561,-64,1,-70,dev,45:48:8D:65:FA:CE,3FCFEDE326C53A6159323494789E925C
2020-06-30 19:53:38.642,-86,1,-92,dev,4F:13:8B:72:48:47,8C82F83A69192FDD22D40C7F55DA186E
2020-06-30 19:53:38.644,-96,1,-102,dev,4F:4B:D7:1C:C2:5C,5D5231EC21C7EEA8ECFA98DB0699917F
2020-06-30 19:53:38.840,-63,1,-69,dev,45:48:8D:65:FA:CE,3FCFEDE326C53A6159323494789E925C
2020-06-30 19:57:28.052,-96,1,-102,dev,5A:44:11:85:F3:E7,5D5231EC21C7EEA8ECFA98DB0699917F
2020-06-30 19:57:28.141,-64,1,-70,dev,45:48:8D:65:FA:CE,3FCFEDE326C53A6159323494789E925C
2020-06-30 19:57:28.358,-95,1,-101,dev,5A:44:11:85:F3:E7,5D5231EC21C7EEA8ECFA98DB0699917F
2020-06-30 19:57:28.427,-64,1,-70,dev,45:48:8D:65:FA:CE,3FCFEDE326C53A6159323494789E925C
2020-06-30 19:57:28.625,-94,1,-100,dev,5A:44:11:85:F3:E7,5D5231EC21C7EEA8ECFA98DB0699917F
2020-06-30 19:57:28.705,-86,1,-92,dev,4F:13:8B:72:48:47,8C82F83A69192FDD22D40C7F55DA186E
2020-06-30 19:57:28.711,-64,1,-70,dev,45:48:8D:65:FA:CE,3FCFEDE326C53A6159323494789E925C
2020-06-30 19:57:28.917,-97,1,-103,dev,5A:44:11:85:F3:E7,5D5231EC21C7EEA8ECFA98DB0699917F
2020-06-30 19:57:28.995,-86,1,-92,dev,4F:13:8B:72:48:47,8C82F83A69192FDD22D40C7F55DA186E
2020-06-30 19:57:28.999,-64,1,-70,dev,45:48:8D:65:FA:CE,3FCFEDE326C53A6159323494789E925C
2020-06-30 19:57:29.198,-96,1,-102,dev,5A:44:11:85:F3:E7,5D5231EC21C7EEA8ECFA98DB0699917F
2020-06-30 19:57:29.278,-86,1,-92,dev,4F:13:8B:72:48:47,8C82F83A69192FDD22D40C7F55DA186E
2020-06-30 19:57:29.282,-63,1,-69,dev,45:48:8D:65:FA:CE,3FCFEDE326C53A6159323494789E925C
2020-06-30 19:57:29.502,-96,1,-102,dev,5A:44:11:85:F3:E7,5D5231EC21C7EEA8ECFA98DB0699917F
2020-06-30 19:57:29.567,-88,1,-94,dev,4F:13:8B:72:48:47,8C82F83A69192FDD22D40C7F55DA186E
2020-06-30 19:57:29.573,-63,1,-69,dev,45:48:8D:65:FA:CE,3FCFEDE326C53A6159323494789E925C
2020-06-30 19:57:29.788,-95,1,-101,dev,5A:44:11:85:F3:E7,5D5231EC21C7EEA8ECFA98DB0699917F
2020-06-30 19:57:29.850,-86,1,-92,dev,4F:13:8B:72:48:47,8C82F83A69192FDD22D40C7F55DA186E
2020-06-30 19:57:29.853,-63,1,-69,dev,45:48:8D:65:FA:CE,3FCFEDE326C53A6159323494789E925C
2020-06-30 19:57:30.052,-95,1,-101,dev,5A:44:11:85:F3:E7,5D5231EC21C7EEA8ECFA98DB0699917F
2020-06-30 19:57:30.128,-86,1,-92,dev,4F:13:8B:72:48:47,8C82F83A69192FDD22D40C7F55DA186E
2020-06-30 19:57:30.133,-63,1,-69,dev,45:48:8D:65:FA:CE,3FCFEDE326C53A6159323494789E925C
2020-06-30 19:57:30.350,-94,1,-100,dev,5A:44:11:85:F3:E7,5D5231EC21C7EEA8ECFA98DB0699917F
2020-06-30 19:57:30.432,-63,1,-69,dev,45:48:8D:65:FA:CE,3FCFEDE326C53A6159323494789E925C
2020-06-30 19:57:30.636,-95,1,-101,dev,5A:44:11:85:F3:E7,5D5231EC21C7EEA8ECFA98DB0699917F
2020-06-30 19:57:30.715,-64,1,-70,dev,45:48:8D:65:FA:CE,3FCFEDE326C53A6159323494789E925C
2020-06-30 19:57:30.718,-86,1,-92,dev,4F:13:8B:72:48:47,8C82F83A69192FDD22D40C7F55DA186E
2020-06-30 19:57:30.911,-96,1,-102,dev,5A:44:11:85:F3:E7,5D5231EC21C7EEA8ECFA98DB0699917F
2020-06-30 19:57:31.008,-64,1,-70,dev,45:48:8D:65:FA:CE,3FCFEDE326C53A6159323494789E925C
2020-06-30 19:57:31.011,-86,1,-92,dev,4F:13:8B:72:48:47,8C82F83A69192FDD22D40C7F55DA186E
2020-06-30 19:57:31.206,-95,1,-101,dev,5A:44:11:85:F3:E7,5D5231EC21C7EEA8ECFA98DB0699917F
2020-06-30 19:57:31.297,-64,1,-70,dev,45:48:8D:65:FA:CE,3FCFEDE326C53A6159323494789E925C
2020-06-30 19:57:31.476,-95,1,-101,dev,5A:44:11:85:F3:E7,5D5231EC21C7EEA8ECFA98DB0699917F
2020-06-30 19:57:31.580,-63,1,-69,dev,45:48:8D:65:FA:CE,3FCFEDE326C53A6159323494789E925C
2020-06-30 19:57:31.583,-86,1,-92,dev,4F:13:8B:72:48:47,8C82F83A69192FDD22D40C7F55DA186E
2020-06-30 19:57:31.770,-95,1,-101,dev,5A:44:11:85:F3:E7,5D5231EC21C7EEA8ECFA98DB0699917F
2020-06-30 19:57:31.863,-63,1,-69,dev,45:48:8D:65:FA:CE,3FCFEDE326C53A6159323494789E925C
2020-06-30 19:57:31.865,-86,1,-92,dev,4F:13:8B:72:48:47,8C82F83A69192FDD22D40C7F55DA186E
2020-06-30 20:02:00.947,-86,1,-92,dev,4F:13:8B:72:48:47,29E5C73D53E0365632536E949B2CA8C4
2020-06-30 20:02:01.149,-93,1,-99,dev,5A:44:11:85:F3:E7,738ACE26B1F868F71FA27984A98B9A89
2020-06-30 20:02:01.188,-63,1,-69,dev,58:FF:75:AE:96:5F,D4F787499D4CF71AF4FFD1E98CBFDBB7
2020-06-30 20:02:01.440,-97,1,-103,dev,5A:44:11:85:F3:E7,738ACE26B1F868F71FA27984A98B9A89
2020-06-30 20:02:01.467,-63,1,-69,dev,58:FF:75:AE:96:5F,D4F787499D4CF71AF4FFD1E98CBFDBB7
2020-06-30 20:02:01.533,-86,1,-92,dev,4F:13:8B:72:48:47,29E5C73D53E0365632536E949B2CA8C4
2020-06-30 20:02:01.729,-95,1,-101,dev,5A:44:11:85:F3:E7,738ACE26B1F868F71FA27984A98B9A89
2020-06-30 20:02:01.758,-64,1,-70,dev,58:FF:75:AE:96:5F,D4F787499D4CF71AF4FFD1E98CBFDBB7
2020-06-30 20:02:01.822,-86,1,-92,dev,4F:13:8B:72:48:47,29E5C73D53E0365632536E949B2CA8C4
2020-06-30 20:02:02.009,-96,1,-102,dev,5A:44:11:85:F3:E7,738ACE26B1F868F71FA27984A98B9A89
2020-06-30 20:02:02.046,-63,1,-69,dev,58:FF:75:AE:96:5F,D4F787499D4CF71AF4FFD1E98CBFDBB7
2020-06-30 20:02:02.113,-86,1,-92,dev,4F:13:8B:72:48:47,29E5C73D53E0365632536E949B2CA8C4
2020-06-30 20:02:02.303,-96,1,-102,dev,5A:44:11:85:F3:E7,738ACE26B1F868F71FA27984A98B9A89
2020-06-30 20:02:02.333,-64,1,-70,dev,58:FF:75:AE:96:5F,D4F787499D4CF71AF4FFD1E98CBFDBB7
2020-06-30 20:02:02.653,-63,1,-69,dev,58:FF:75:AE:96:5F,D4F787499D4CF71AF4FFD1E98CBFDBB7
2020-06-30 20:02:02.680,-88,1,-94,dev,4F:13:8B:72:48:47,29E5C73D53E0365632536E949B2CA8C4
2020-06-30 20:02:02.866,-95,1,-101,dev,5A:44:11:85:F3:E7,738ACE26B1F868F71FA27984A98B9A89
2020-06-30 20:02:02.923,-64,1,-70,dev,58:FF:75:AE:96:5F,D4F787499D4CF71AF4FFD1E98CBFDBB7
2020-06-30 20:02:03.166,-96,1,-102,dev,5A:44:11:85:F3:E7,738ACE26B1F868F71FA27984A98B9A89
2020-06-30 20:02:03.207,-63,1,-69,dev,58:FF:75:AE:96:5F,D4F787499D4CF71AF4FFD1E98CBFDBB7
2020-06-30 20:02:03.241,-86,1,-92,dev,4F:13:8B:72:48:47,29E5C73D53E0365632536E949B2CA8C4
2020-06-30 20:02:03.443,-95,1,-101,dev,5A:44:11:85:F3:E7,738ACE26B1F868F71FA27984A98B9A89
2020-06-30 20:02:03.497,-63,1,-69,dev,58:FF:75:AE:96:5F,D4F787499D4CF71AF4FFD1E98CBFDBB7
2020-06-30 20:02:03.523,-86,1,-92,dev,4F:13:8B:72:48:47,29E5C73D53E0365632536E949B2CA8C4
2020-06-30 20:02:03.717,-94,1,-100,dev,5A:44:11:85:F3:E7,738ACE26B1F868F71FA27984A98B9A89
2020-06-30 20:02:03.775,-63,1,-69,dev,58:FF:75:AE:96:5F,D4F787499D4CF71AF4FFD1E98CBFDBB7
2020-06-30 20:02:03.809,-88,1,-94,dev,4F:13:8B:72:48:47,29E5C73D53E0365632536E949B2CA8C4
2020-06-30 20:02:04.014,-96,1,-102,dev,5A:44:11:85:F3:E7,738ACE26B1F868F71FA27984A98B9A89
2020-06-30 20:02:04.060,-63,1,-69,dev,58:FF:75:AE:96:5F,D4F787499D4CF71AF4FFD1E98CBFDBB7
2020-06-30 20:02:04.088,-86,1,-92,dev,4F:13:8B:72:48:47,29E5C73D53E0365632536E949B2CA8C4
2020-06-30 20:02:04.309,-96,1,-102,dev,5A:44:11:85:F3:E7,738ACE26B1F868F71FA27984A98B9A89
2020-06-30 20:02:04.344,-64,1,-70,dev,58:FF:75:AE:96:5F,D4F787499D4CF71AF4FFD1E98CBFDBB7
2020-06-30 20:02:04.375,-86,1,-92,dev,4F:13:8B:72:48:47,29E5C73D53E0365632536E949B2CA8C4
2020-06-30 20:02:04.580,-94,1,-100,dev,5A:44:11:85:F3:E7,738ACE26B1F868F71FA27984A98B9A89
2020-06-30 20:02:04.633,-63,1,-69,dev,58:FF:75:AE:96:5F,D4F787499D4CF71AF4FFD1E98CBFDBB7
2020-06-30 20:02:04.655,-86,1,-92,dev,4F:13:8B:72:48:47,29E5C73D53E0365632536E949B2CA8C4
2020-06-30 20:02:04.885,-95,1,-101,dev,5A:44:11:85:F3:E7,738ACE26B1F868F71FA27984A98B9A89
2020-06-30 20:06:01.095,-64,1,-70,dev,58:FF:75:AE:96:5F,D4F787499D4CF71AF4FFD1E98CBFDBB7
2020-06-30 20:06:01.122,-88,1,-94,dev,4F:13:8B:72:48:47,29E5C73D53E0365632536E949B2CA8C4
2020-06-30 20:06:01.309,-96,1,-102,dev,5A:44:11:85:F3:E7,738ACE26B1F868F71FA27984A98B9A89
2020-06-30 20:06:01.388,-64,1,-70,dev,58:FF:75:AE:96:5F,D4F787499D4CF71AF4FFD1E98CBFDBB7
2020-06-30 20:06:01.407,-88,1,-94,dev,4F:13:8B:72:48:47,29E5C73D53E0365632536E949B2CA8C4
2020-06-30 20:06:01.669,-64,1,-70,dev,58:FF:75:AE:96:5F,D4F787499D4CF71AF4FFD1E98CBFDBB7
2020-06-30 20:06:01.690,-89,1,-95,dev,4F:13:8B:72:48:47,29E5C73D53E0365632536E949B2CA8C4
2020-06-30 20:06:01.955,-64,1,-70,dev,58:FF:75:AE:96:5F,D4F787499D4CF71AF4FFD1E98CBFDBB7
2020-06-30 20:06:01.972,-88,1,-94,dev,4F:13:8B:72:48:47,29E5C73D53E0365632536E949B2CA8C4
2020-06-30 20:06:02.242,-64,1,-70,dev,58:FF:75:AE:96:5F,D4F787499D4CF71AF4FFD1E98CBFDBB7
2020-06-30 20:06:02.255,-89,1,-95,dev,4F:13:8B:72:48:47,29E5C73D53E0365632536E949B2CA8C4
2020-06-30 20:06:02.444,-96,1,-102,dev,5A:44:11:85:F3:E7,738ACE26B1F868F71FA27984A98B9A89
2020-06-30 20:06:02.520,-65,1,-71,dev,58:FF:75:AE:96:5F,D4F787499D4CF71AF4FFD1E98CBFDBB7
2020-06-30 20:06:02.809,-64,1,-70,dev,58:FF:75:AE:96:5F,D4F787499D4CF71AF4FFD1E98CBFDBB7
2020-06-30 20:06:02.824,-88,1,-94,dev,4F:13:8B:72:48:47,29E5C73D53E0365632536E949B2CA8C4
2020-06-30 20:06:03.088,-65,1,-71,dev,58:FF:75:AE:96:5F,D4F787499D4CF71AF4FFD1E98CBFDBB7
2020-06-30 20:06:03.115,-86,1,-92,dev,4F:13:8B:72:48:47,29E5C73D53E0365632536E949B2CA8C4
2020-06-30 20:06:03.328,-95,1,-101,dev,5A:44:11:85:F3:E7,738ACE26B1F868F71FA27984A98B9A89
2020-06-30 20:06:03.373,-64,1,-70,dev,58:FF:75:AE:96:5F,D4F787499D4CF71AF4FFD1E98CBFDBB7
2020-06-30 20:06:03.398,-88,1,-94,dev,4F:13:8B:72:48:47,29E5C73D53E0365632536E949B2CA8C4
2020-06-30 20:06:03.614,-93,1,-99,dev,5A:44:11:85:F3:E7,738ACE26B1F868F71FA27984A98B9A89
2020-06-30 20:06:03.669,-63,1,-69,dev,58:FF:75:AE:96:5F,D4F787499D4CF71AF4FFD1E98CBFDBB7
2020-06-30 20:06:03.677,-86,1,-92,dev,4F:13:8B:72:48:47,29E5C73D53E0365632536E949B2CA8C4
2020-06-30 20:06:03.892,-96,1,-102,dev,5A:44:11:85:F3:E7,738ACE26B1F868F71FA27984A98B9A89
2020-06-30 20:06:03.956,-63,1,-69,dev,58:FF:75:AE:96:5F,D4F787499D4CF71AF4FFD1E98CBFDBB7
2020-06-30 20:06:03.959,-88,1,-94,dev,4F:13:8B:72:48:47,29E5C73D53E0365632536E949B2CA8C4
2020-06-30 20:06:04.265,-63,1,-69,dev,58:FF:75:AE:96:5F,D4F787499D4CF71AF4FFD1E98CBFDBB7
2020-06-30 20:06:04.268,-88,1,-94,dev,4F:13:8B:72:48:47,29E5C73D53E0365632536E949B2CA8C4
2020-06-30 20:06:04.529,-63,1,-69,dev,58:FF:75:AE:96:5F,D4F787499D4CF71AF4FFD1E98CBFDBB7
2020-06-30 20:06:04.532,-88,1,-94,dev,4F:13:8B:72:48:47,29E5C73D53E0365632536E949B2CA8C4
2020-06-30 20:06:04.822,-63,1,-69,dev,58:FF:75:AE:96:5F,D4F787499D4CF71AF4FFD1E98CBFDBB7
2020-06-30 20:06:04.825,-88,1,-94,dev,4F:13:8B:72:48:47,29E5C73D53E0365632536E949B2CA8C4
2020-06-30 20:10:20.036,-96,1,-102,dev,62:F5:A2:6E:F1:5F,738ACE26B1F868F71FA27984A98B9A89
2020-06-30 20:10:20.114,-86,1,-92,dev,47:B3:A1:C3:3F:A1,29E5C73D53E0365632536E949B2CA8C4
2020-06-30 20:10:20.178,-63,1,-69,dev,58:FF:75:AE:96:5F,D4F787499D4CF71AF4FFD1E98CBFDBB7
2020-06-30 20:10:20.327,-96,1,-102,dev,62:F5:A2:6E:F1:5F,738ACE26B1F868F71FA27984A98B9A89
2020-06-30 20:10:20.409,-87,1,-93,dev,47:B3:A1:C3:3F:A1,29E5C73D53E0365632536E949B2CA8C4
2020-06-30 20:10:20.465,-64,1,-70,dev,58:FF:75:AE:96:5F,D4F787499D4CF71AF4FFD1E98CBFDBB7
2020-06-30 20:10:20.696,-86,1,-92,dev,47:B3:A1:C3:3F:A1,29E5C73D53E0365632536E949B2CA8C4
2020-06-30 20:10:20.755,-63,1,-69,dev,58:FF:75:AE:96:5F,D4F787499D4CF71AF4FFD1E98CBFDBB7
2020-06-30 20:10:20.982,-86,1,-92,dev,47:B3:A1:C3:3F:A1,29E5C73D53E0365632536E949B2CA8C4
2020-06-30 20:10:21.038,-63,1,-69,dev,58:FF:75:AE:96:5F,D4F787499D4CF71AF4FFD1E98CBFDBB7
2020-06-30 20:10:21.336,-64,1,-70,dev,58:FF:75:AE:96:5F,D4F787499D4CF71AF4FFD1E98CBFDBB7
2020-06-30 20:10:21.468,-95,1,-101,dev,62:F5:A2:6E:F1:5F,738ACE26B1F868F71FA27984A98B9A89
2020-06-30 20:10:21.560,-86,1,-92,dev,47:B3:A1:C3:3F:A1,29E5C73D53E0365632536E949B2CA8C4
2020-06-30 20:10:21.609,-64,1,-70,dev,58:FF:75:AE:96:5F,D4F787499D4CF71AF4FFD1E98CBFDBB7
2020-06-30 20:10:21.865,-88,1,-94,dev,47:B3:A1:C3:3F:A1,29E5C73D53E0365632536E949B2CA8C4
2020-06-30 20:10:22.145,-86,1,-92,dev,47:B3:A1:C3:3F:A1,29E5C73D53E0365632536E949B2CA8C4
2020-06-30 20:10:22.181,-63,1,-69,dev,58:FF:75:AE:96:5F,D4F787499D4CF71AF4FFD1E98CBFDBB7
2020-06-30 20:10:22.430,-86,1,-92,dev,47:B3:A1:C3:3F:A1,29E5C73D53E0365632536E949B2CA8C4
2020-06-30 20:10:22.467,-63,1,-69,dev,58:FF:75:AE:96:5F,D4F787499D4CF71AF4FFD1E98CBFDBB7
2020-06-30 20:10:22.641,-96,1,-102,dev,62:F5:A2:6E:F1:5F,738ACE26B1F868F71FA27984A98B9A89
2020-06-30 20:10:22.707,-86,1,-92,dev,47:B3:A1:C3:3F:A1,29E5C73D53E0365632536E949B2CA8C4
2020-06-30 20:10:22.756,-63,1,-69,dev,58:FF:75:AE:96:5F,D4F787499D4CF71AF4FFD1E98CBFDBB7
2020-06-30 20:10:22.919,-93,1,-99,dev,62:F5:A2:6E:F1:5F,738ACE26B1F868F71FA27984A98B9A89
2020-06-30 20:10:22.991,-86,1,-92,dev,47:B3:A1:C3:3F:A1,29E5C73D53E0365632536E949B2CA8C4
2020-06-30 20:10:23.048,-63,1,-69,dev,58:FF:75:AE:96:5F,D4F787499D4CF71AF4FFD1E98CBFDBB7
2020-06-30 20:10:23.325,-63,1,-69,dev,58:FF:75:AE:96:5F,D4F787499D4CF71AF4FFD1E98CBFDBB7
2020-06-30 20:10:23.475,-96,1,-102,dev,62:F5:A2:6E:F1:5F,738ACE26B1F868F71FA27984A98B9A89
2020-06-30 20:10:23.614,-63,1,-69,dev,58:FF:75:AE:96:5F,D4F787499D4CF71AF4FFD1E98CBFDBB7
2020-06-30 20:10:23.779,-95,1,-101,dev,62:F5:A2:6E:F1:5F,738ACE26B1F868F71FA27984A98B9A89
2020-06-30 20:10:23.839,-86,1,-92,dev,47:B3:A1:C3:3F:A1,29E5C73D53E0365632536E949B2CA8C4
2020-06-30 20:10:23.897,-63,1,-69,dev,58:FF:75:AE:96:5F,D4F787499D4CF71AF4FFD1E98CBFDBB7
2020-06-30 20:15:21.851,-86,1,-92,dev,47:B3:A1:C3:3F:A1,CE6DDA08EF6F36B226A4F5F6453BCE01
2020-06-30 20:15:21.994,-63,1,-69,dev,70:B3:70:B2:91:09,B5A82A9FC8226FF356A685ED43BA5790
2020-06-30 20:15:22.034,-97,1,-103,dev,62:F5:A2:6E:F1:5F,1AD7F7BA89680660EADD4EBE98B1A77F
2020-06-30 20:15:22.151,-86,1,-92,dev,47:B3:A1:C3:3F:A1,CE6DDA08EF6F36B226A4F5F6453BCE01
2020-06-30 20:15:22.285,-63,1,-69,dev,70:B3:70:B2:91:09,B5A82A9FC8226FF356A685ED43BA5790
2020-06-30 20:15:22.330,-95,1,-101,dev,62:F5:A2:6E:F1:5F,1AD7F7BA89680660EADD4EBE98B1A77F
2020-06-30 20:15:22.440,-87,1,-93,dev,47:B3:A1:C3:3F:A1,CE6DDA08EF6F36B226A4F5F6453BCE01
2020-06-30 20:15:22.568,-63,1,-69,dev,70:B3:70:B2:91:09,B5A82A9FC8226FF356A685ED43BA5790
2020-06-30 20:15:22.609,-95,1,-101,dev,62:F5:A2:6E:F1:5F,1AD7F7BA89680660EADD4EBE98B1A77F
2020-06-30 20:15:22.722,-86,1,-92,dev,47:B3:A1:C3:3F:A1,CE6DDA08EF6F36B226A4F5F6453BCE01
2020-06-30 20:15:22.893,-97,1,-103,dev,62:F5:A2:6E:F1:5F,1AD7F7BA89680660EADD4EBE98B1A77F
2020-06-30 20:15:23.010,-86,1,-92,dev,47:B3:A1:C3:3F:A1,CE6DDA08EF6F36B226A4F5F6453BCE01
2020-06-30 20:15:23.139,-64,1,-70,dev,70:B3:70:B2:91:09,B5A82A9FC8226FF356A685ED43BA5790
2020-06-30 20:15:23.172,-94,1,-100,dev,62:F5:A2:6E:F1:5F,1AD7F7BA89680660EADD4EBE98B1A77F
2020-06-30 20:15:23.296,-86,1,-92,dev,47:B3:A1:C3:3F:A1,CE6DDA08EF6F36B226A4F5F6453BCE01
2020-06-30 20:15:23.427,-64,1,-70,dev,70:B3:70:B2:91:09,B5A82A9FC8226FF356A685ED43BA5790
2020-06-30 20:15:23.456,-95,1,-101,dev,62:F5:A2:6E:F1:5F,1AD7F7BA89680660EADD4EBE98B1A77F
2020-06-30 20:15:23.586,-86,1,-92,dev,47:B3:A1:C3:3F:A1,CE6DDA08EF6F36B226A4F5F6453BCE01
2020-06-30 20:15:23.717,-64,1,-70,dev,70:B3:70:B2:91:09,B5A82A9FC8226FF356A685ED43BA5790
2020-06-30 20:15:23.746,-95,1,-101,dev,62:F5:A2:6E:F1:5F,1AD7F7BA89680660EADD4EBE98B1A77F
2020-06-30 20:15:23.868,-84,1,-90,dev,47:B3:A1:C3:3F:A1,CE6DDA08EF6F36B226A4F5F6453BCE01
2020-06-30 20:15:23.999,-64,1,-70,dev,70:B3:70:B2:91:09,B5A82A9FC8226FF356A685ED43BA5790
2020-06-30 20:15:24.033,-95,1,-101,dev,62:F5:A2:6E:F1:5F,1AD7F7BA89680660EADD4EBE98B1A77F
2020-06-30 20:15:24.152,-88,1,-94,dev,47:B3:A1:C3:3F:A1,CE6DDA08EF6F36B226A4F5F6453BCE01
2020-06-30 20:15:24.281,-63,1,-69,dev,70:B3:70:B2:91:09,B5A82A9FC8226FF356A685ED43BA5790
2020-06-30 20:15:24.322,-94,1,-100,dev,62:F5:A2:6E:F1:5F,1AD7F7BA89680660EADD4EBE98B1A77F
2020-06-30 20:15:24.435,-86,1,-92,dev,47:B3:A1:C3:3F:A1,CE6DDA08EF6F36B226A4F5F6453BCE01
2020-06-30 20:15:24.572,-63,1,-69,dev,70:B3:70:B2:91:09,B5A82A9FC8226FF356A685ED43BA5790
2020-06-30 20:15:24.604,-96,1,-102,dev,62:F5:A2:6E:F1:5F,1AD7F7BA89680660EADD4EBE98B1A77F
2020-06-30 20:15:24.716,-86,1,-92,dev,47:B3:A1:C3:3F:A1,CE6DDA08EF6F36B226A4F5F6453BCE01
2020-06-30 20:15:24.858,-63,1,-69,dev,70:B3:70:B2:91:09,B5A82A9FC8226FF356A685ED43BA5790
2020-06-30 20:15:24.892,-95,1,-101,dev,62:F5:A2:6E:F1:5F,1AD7F7BA89680660EADD4EBE98B1A77F
2020-06-30 20:15:25.001,-86,1,-92,dev,47:B3:A1:C3:3F:A1,CE6DDA08EF6F36B226A4F5F6453BCE01
2020-06-30 20:15:25.148,-63,1,-69,dev,70:B3:70:B2:91:09,B5A82A9FC8226FF356A685ED43BA5790
2020-06-30 20:15:25.289,-86,1,-92,dev,47:B3:A1:C3:3F:A1,CE6DDA08EF6F36B226A4F5F6453BCE01
2020-06-30 20:15:25.432,-63,1,-69,dev,70:B3:70:B2:91:09,B5A82A9FC8226FF356A685ED43BA5790
2020-06-30 20:15:25.467,-97,1,-103,dev,62:F5:A2:6E:F1:5F,1AD7F7BA89680660EADD4EBE98B1A77F
2020-06-30 20:15:25.578,-86,1,-92,dev,47:B3:A1:C3:3F:A1,CE6DDA08EF6F36B226A4F5F6453BCE01
2020-06-30 20:15:25.716,-63,1,-69,dev,70:B3:70:B2:91:09,B5A82A9FC8226FF356A685ED43BA5790
2020-06-30 20:15:25.756,-94,1,-100,dev,62:F5:A2:6E:F1:5F,1AD7F7BA89680660EADD4EBE98B1A77F
2020-06-30 20:19:39.937,-88,1,-94,dev,47:B3:A1:C3:3F:A1,CE6DDA08EF6F36B226A4F5F6453BCE01
2020-06-30 20:19:40.183,-95,1,-101,dev,62:F5:A2:6E:F1:5F,1AD7F7BA89680660EADD4EBE98B1A77F
2020-06-30 20:19:40.203,-64,1,-70,dev,70:B3:70:B2:91:09,B5A82A9FC8226FF356A685ED43BA5790
2020-06-30 20:19:40.231,-86,1,-92,dev,47:B3:A1:C3:3F:A1,CE6DDA08EF6F36B226A4F5F6453BCE01
2020-06-30 20:19:40.470,-95,1,-101,dev,62:F5:A2:6E:F1:5F,1AD7F7BA89680660EADD4EBE98B1A77F
2020-06-30 20:19:40.499,-63,1,-69,dev,70:B3:70:B2:91:09,B5A82A9FC8226FF356A685ED43BA5790
2020-06-30 20:19:40.513,-86,1,-92,dev,47:B3:A1:C3:3F:A1,CE6DDA08EF6F36B226A4F5F6453BCE01
2020-06-30 20:19:40.757,-96,1,-102,dev,62:F5:A2:6E:F1:5F,1AD7F7BA89680660EADD4EBE98B1A77F
2020-06-30 20:19:40.788,-63,1,-69,dev,70:B3:70:B2:91:09,B5A82A9FC8226FF356A685ED43BA5790
2020-06-30 20:19:40.793,-86,1,-92,dev,47:B3:A1:C3:3F:A1,CE6DDA08EF6F36B226A4F5F6453BCE01
2020-06-30 20:19:41.064,-95,1,-101,dev,62:F5:A2:6E:F1:5F,1AD7F7BA89680660EADD4EBE98B1A77F
2020-06-30 20:19:41.070,-63,1,-69,dev,70:B3:70:B2:91:09,B5A82A9FC8226FF356A685ED43BA5790
2020-06-30 20:19:41.078,-86,1,-92,dev,47:B3:A1:C3:3F:A1,CE6DDA08EF6F36B226A4F5F6453BCE01
2020-06-30 20:19:41.339,-96,1,-102,dev,62:F5:A2:6E:F1:5F,1AD7F7BA89680660EADD4EBE98B1A77F
2020-06-30 20:19:41.349,-63,1,-69,dev,70:B3:70:B2:91:09,B5A82A9FC8226FF356A685ED43BA5790
2020-06-30 20:19:41.628,-96,1,-102,dev,62:F5:A2:6E:F1:5F,1AD7F7BA89680660EADD4EBE98B1A77F
2020-06-30 20:19:41.653,-86,1,-92,dev,47:B3:A1:C3:3F:A1,CE6DDA08EF6F36B226A4F5F6453BCE01
2020-06-30 20:19:41.954,-86,1,-92,dev,47:B3:A1:C3:3F:A1,CE6DDA08EF6F36B226A4F5F6453BCE01
2020-06-30 20:19:42.203,-95,1,-101,dev,62:F5:A2:6E:F1:5F,1AD7F7BA89680660EADD4EBE98B1A77F
2020-06-30 20:19:42.205,-64,1,-70,dev,70:B3:70:B2:91:09,B5A82A9FC8226FF356A685ED43BA5790
2020-06-30 20:19:42.488,-95,1,-101,dev,62:F5:A2:6E:F1:5F,1AD7F7BA89680660EADD4EBE98B1A77F
2020-06-30 20:19:42.491,-63,1,-69,dev,70:B3:70:B2:91:09,B5A82A9FC8226FF356A685ED43BA5790
2020-06-30 20:19:42.503,-86,1,-92,dev,47:B3:A1:C3:3F:A1,CE6DDA08EF6F36B226A4F5F6453BCE01
2020-06-30 20:19:42.774,-94,1,-100,dev,62:F5:A2:6E:F1:5F,1AD7F7BA89680660EADD4EBE98B1A77F
2020-06-30 20:19:42.795,-86,1,-92,dev,47:B3:A1:C3:3F:A1,CE6DDA08EF6F36B226A4F5F6453BCE01
2020-06-30 20:19:43.065,-96,1,-102,dev,62:F5:A2:6E:F1:5F,1AD7F7BA89680660EADD4EBE98B1A77F
2020-06-30 20:19:43.068,-63,1,-69,dev,70:B3:70:B2:91:09,B5A82A9FC8226FF356A685ED43BA5790
2020-06-30 20:19:43.073,-86,1,-92,dev,47:B3:A1:C3:3F:A1,CE6DDA08EF6F36B226A4F5F6453BCE01
2020-06-30 20:19:43.348,-95,1,-101,dev,62:F5:A2:6E:F1:5F,1AD7F7BA89680660EADD4EBE98B1A77F
2020-06-30 20:19:43.350,-63,1,-69,dev,70:B3:70:B2:91:09,B5A82A9FC8226FF356A685ED43BA5790
2020-06-30 20:19:43.359,-86,1,-92,dev,47:B3:A1:C3:3F:A1,CE6DDA08EF6F36B226A4F5F6453BCE01
2020-06-30 20:19:43.626,-96,1,-102,dev,62:F5:A2:6E:F1:5F,1AD7F7BA89680660EADD4EBE98B1A77F
2020-06-30 20:19:43.628,-63,1,-69,dev,70:B3:70:B2:91:09,B5A82A9FC8226FF356A685ED43BA5790
2020-06-30 20:19:43.653,-86,1,-92,dev,47:B3:A1:C3:3F:A1,CE6DDA08EF6F36B226A4F5F6453BCE01
2020-06-30 20:24:34.034,-86,1,-92,dev,42:B1:C6:5B:8F:9E,50AFEC45C06189DCCBD681036A9A8656
2020-06-30 20:24:34.179,-64,1,-70,dev,70:B3:70:B2:91:09,B5A82A9FC8226FF356A685ED43BA5790
2020-06-30 20:24:34.327,-86,1,-92,dev,42:B1:C6:5B:8F:9E,50AFEC45C06189DCCBD681036A9A8656
2020-06-30 20:24:34.333,-95,1,-101,dev,41:75:CC:9D:6C:B7,540EB93A676424115491142D9FAD6084
2020-06-30 20:24:34.460,-63,1,-69,dev,70:B3:70:B2:91:09,B5A82A9FC8226FF356A685ED43BA5790
2020-06-30 20:24:34.611,-86,1,-92,dev,42:B1:C6:5B:8F:9E,50AFEC45C06189DCCBD681036A9A8656
2020-06-30 20:24:34.630,-94,1,-100,dev,41:75:CC:9D:6C:B7,540EB93A676424115491142D9FAD6084
2020-06-30 20:24:34.741,-63,1,-69,dev,70:B3:70:B2:91:09,B5A82A9FC8226FF356A685ED43BA5790
2020-06-30 20:24:34.901,-86,1,-92,dev,42:B1:C6:5B:8F:9E,50AFEC45C06189DCCBD681036A9A8656
2020-06-30 20:24:34.907,-95,1,-101,dev,41:75:CC:9D:6C:B7,540EB93A676424115491142D9FAD6084
2020-06-30 20:24:35.028,-63,1,-69,dev,70:B3:70:B2:91:09,B5A82A9FC8226FF356A685ED43BA5790
2020-06-30 20:24:35.195,-86,1,-92,dev,42:B1:C6:5B:8F:9E,50AFEC45C06189DCCBD681036A9A8656
2020-06-30 20:24:35.198,-95,1,-101,dev,41:75:CC:9D:6C:B7,540EB93A676424115491142D9FAD6084
2020-06-30 20:24:35.311,-63,1,-69,dev,70:B3:70:B2:91:09,B5A82A9FC8226FF356A685ED43BA5790
2020-06-30 20:24:35.489,-86,1,-92,dev,42:B1:C6:5B:8F:9E,50AFEC45C06189DCCBD681036A9A8656
2020-06-30 20:24:35.491,-95,1,-101,dev,41:75:CC:9D:6C:B7,540EB93A676424115491142D9FAD6084
2020-06-30 20:24:35.595,-63,1,-69,dev,70:B3:70:B2:91:09,B5A82A9FC8226FF356A685ED43BA5790
2020-06-30 20:24:35.765,-86,1,-92,dev,42:B1:C6:5B:8F:9E,50AFEC45C06189DCCBD681036A9A8656
2020-06-30 20:24:35.767,-95,1,-101,dev,41:75:CC:9D:6C:B7,540EB93A676424115491142D9FAD6084
2020-06-30 20:24:35.879,-63,1,-69,dev,70:B3:70:B2:91:09,B5A82A9FC8226FF356A685ED43BA5790
2020-06-30 20:24:36.051,-86,1,-92,dev,42:B1:C6:5B:8F:9E,50AFEC45C06189DCCBD681036A9A8656
2020-06-30 20:24:36.054,-96,1,-102,dev,41:75:CC:9D:6C:B7,540EB93A676424115491142D9FAD6084
2020-06-30 20:24:36.170,-63,1,-69,dev,70:B3:70:B2:91:09,B5A82A9FC8226FF356A685ED43BA5790
2020-06-30 20:24:36.343,-88,1,-94,dev,42:B1:C6:5B:8F:9E,50AFEC45C06189DCCBD681036A9A8656
2020-06-30 20:24:36.457,-63,1,-69,dev,70:B3:70:B2:91:09,B5A82A9FC8226FF356A685ED43BA5790
2020-06-30 20:24:36.747,-63,1,-69,dev,70:B3:70:B2:91:09,B5A82A9FC8226FF356A685ED43BA5790
2020-06-30 20:24:36.921,-88,1,-94,dev,42:B1:C6:5B:8F:9E,50AFEC45C06189DCCBD681036A9A8656
2020-06-30 20:24:36.923,-95,1,-101,dev,41:75:CC:9D:6C:B7,540EB93A676424115491142D9FAD6084
2020-06-30 20:24:37.022,-63,1,-69,dev,70:B3:70:B2:91:09,B5A82A9FC8226FF356A685ED43BA5790
2020-06-30 20:24:37.194,-88,1,-94,dev,42:B1:C6:5B:8F:9E,50AFEC45C06189DCCBD681036A9A8656
2020-06-30 20:24:37.307,-63,1,-69,dev,70:B3:70:B2:91:09,B5A82A9FC8226FF356A685ED43BA5790
2020-06-30 20:24:37.478,-86,1,-92,dev,42:B1:C6:5B:8F:9E,50AFEC45C06189DCCBD681036A9A8656
2020-06-30 20:24:37.482,-95,1,-101,dev,41:75:CC:9D:6C:B7,540EB93A676424115491142D9FAD6084
2020-06-30 20:24:37.595,-63,1,-69,dev,70:B3:70:B2:91:09,B5A82A9FC8226FF356A685ED43BA5790
2020-06-30 20:24:37.766,-86,1,-92,dev,42:B1:C6:5B:8F:9E,50AFEC45C06189DCCBD681036A9A8656
2020-06-30 20:24:37.769,-97,1,-103,dev,41:75:CC:9D:6C:B7,540EB93A676424115491142D9FAD6084
2020-06-30 20:29:19.288,-47,1,-53,dev,6F:58:DB:B0:5A:70,0B2A9846E8329C985457E9132DEF2345
2020-06-30 20:29:19.574,-46,1,-52,dev,6F:58:DB:B0:5A:70,0B2A9846E8329C985457E9132DEF2345
2020-06-30 20:29:19.875,-46,1,-52,dev,6F:58:DB:B0:5A:70,0B2A9846E8329C985457E9132DEF2345
2020-06-30 20:29:20.176,-46,1,-52,dev,6F:58:DB:B0:5A:70,0B2A9846E8329C985457E9132DEF2345
2020-06-30 20:29:20.453,-46,1,-52,dev,6F:58:DB:B0:5A:70,0B2A9846E8329C985457E9132DEF2345
2020-06-30 20:29:20.755,-46,1,-52,dev,6F:58:DB:B0:5A:70,0B2A9846E8329C985457E9132DEF2345
2020-06-30 20:29:21.042,-47,1,-53,dev,6F:58:DB:B0:5A:70,0B2A9846E8329C985457E9132DEF2345
2020-06-30 20:29:21.326,-39,1,-45,dev,6F:58:DB:B0:5A:70,0B2A9846E8329C985457E9132DEF2345
2020-06-30 20:29:21.602,-46,1,-52,dev,6F:58:DB:B0:5A:70,0B2A9846E8329C985457E9132DEF2345
2020-06-30 20:29:21.903,-46,1,-52,dev,6F:58:DB:B0:5A:70,0B2A9846E8329C985457E9132DEF2345
2020-06-30 20:29:22.186,-46,1,-52,dev,6F:58:DB:B0:5A:70,0B2A9846E8329C985457E9132DEF2345
2020-06-30 20:29:22.463,-46,1,-52,dev,6F:58:DB:B0:5A:70,0B2A9846E8329C985457E9132DEF2345
2020-06-30 20:29:22.750,-46,1,-52,dev,6F:58:DB:B0:5A:70,0B2A9846E8329C985457E9132DEF2345
2020-06-30 20:33:50.941,-73,1,-79,dev,6F:58:DB:B0:5A:70,0B2A9846E8329C985457E9132DEF2345
2020-06-30 20:33:51.231,-73,1,-79,dev,6F:58:DB:B0:5A:70,0B2A9846E8329C985457E9132DEF2345
2020-06-30 20:33:51.517,-73,1,-79,dev,6F:58:DB:B0:5A:70,0B2A9846E8329C985457E9132DEF2345
2020-06-30 20:33:51.805,-73,1,-79,dev,6F:58:DB:B0:5A:70,0B2A9846E8329C985457E9132DEF2345
2020-06-30 20:33:52.106,-73,1,-79,dev,6F:58:DB:B0:5A:70,0B2A9846E8329C985457E9132DEF2345
2020-06-30 20:33:52.400,-73,1,-79,dev,6F:58:DB:B0:5A:70,0B2A9846E8329C985457E9132DEF2345
2020-06-30 20:33:52.689,-73,1,-79,dev,6F:58:DB:B0:5A:70,0B2A9846E8329C985457E9132DEF2345
2020-06-30 20:33:52.969,-73,1,-79,dev,6F:58:DB:B0:5A:70,0B2A9846E8329C985457E9132DEF2345
2020-06-30 20:33:53.268,-73,1,-79,dev,6F:58:DB:B0:5A:70,0B2A9846E8329C985457E9132DEF2345
2020-06-30 20:33:53.558,-73,1,-79,dev,6F:58:DB:B0:5A:70,0B2A9846E8329C985457E9132DEF2345
2020-06-30 20:33:54.120,-73,1,-79,dev,6F:58:DB:B0:5A:70,0B2A9846E8329C985457E9132DEF2345
2020-06-30 20:33:54.400,-73,1,-79,dev,6F:58:DB:B0:5A:70,0B2A9846E8329C985457E9132DEF2345
2020-06-30 20:33:54.693,-73,1,-79,dev,6F:58:DB:B0:5A:70,0B2A9846E8329C985457E9132DEF2345
